"0","596",\N,\N,\N,\N,\N,\N,\N
"005c7f","198",\N,\N,\N,"151","150","24.251.21.233","645"
"008ad3","112",\N,"86",\N,\N,"86","24.110.96.159","543"
"01a5","98",\N,\N,\N,"78","78","¢“ƒ¶","1193"
"0225fd","746","605",\N,\N,\N,"602","107.178.35.43","668"
"0288","202",\N,\N,\N,\N,\N,\N,\N
"02a075","627",\N,\N,\N,\N,\N,\N,\N
"02ad83","961",\N,\N,\N,\N,\N,\N,\N
"02da","610",\N,\N,\N,\N,\N,\N,\N
"02f5","91",\N,"69",\N,\N,"68","¶@n","818"
"030fe9","233",\N,\N,"189",\N,"188","174.50.79.69","1152"
"0344","345",\N,\N,"279",\N,"279","67.188.157.15","979"
"03834a","276",\N,\N,\N,\N,\N,\N,\N
"03b061","981",\N,\N,\N,\N,\N,\N,\N
"03d72c","755",\N,\N,\N,\N,\N,\N,\N
"04dd","307",\N,\N,"248",\N,"248","76.179.210.176","1228"
"05260a","517",\N,\N,\N,\N,\N,\N,\N
"052f","56",\N,"45",\N,\N,"44","lM·Í","733"
"0595ba","335",\N,\N,\N,"275","275","108.48.55.71","1260"
"05ae","849",\N,\N,\N,\N,\N,\N,\N
"05b5","161",\N,\N,\N,\N,\N,\N,\N
"05ba","776",\N,\N,\N,\N,\N,\N,\N
"06a2d7","1035",\N,\N,\N,\N,\N,\N,\N
"075b","499",\N,\N,"413",\N,"413","66.49.127.82","1009"
"084998","171",\N,\N,\N,\N,\N,\N,\N
"08c3","283",\N,\N,\N,\N,\N,\N,\N
"08c5","774",\N,\N,\N,\N,\N,\N,\N
"0958","838",\N,\N,\N,\N,\N,\N,\N
"0b66a5","410",\N,\N,\N,"338","338","98.27.190.22","1106"
"0c0642","217",\N,"171",\N,\N,"170","173.216.169.127","1099"
"0c0b25","791",\N,\N,\N,\N,\N,\N,\N
"0c2db8","230",\N,"188",\N,\N,"187","69.171.176.199","1177"
"0c968d","993",\N,\N,\N,\N,\N,\N,\N
"0d13","39",\N,\N,\N,"37","36","l˙Œ&","1326"
"0e06","690",\N,"558",\N,\N,\N,\N,\N
"0e0c","1037",\N,\N,\N,\N,\N,\N,\N
"0e50","258",\N,\N,"208",\N,"207","24.191.28.55","1272"
"0ed8","973",\N,\N,\N,\N,\N,\N,\N
"0ee0","205",\N,\N,"156",\N,"156","108.131.95.186","766"
"0f53","157","122",\N,\N,\N,"122","71.74.28.22","953"
"0f7c","509",\N,\N,\N,"422","422","71.84.248.125","1882"
"0ff7","94",\N,\N,\N,"71","70","coJ ","672"
"1022","349",\N,\N,\N,\N,\N,\N,\N
"10c7","327",\N,\N,\N,"269","269","108.71.190.215","982"
"113183","339",\N,"273",\N,\N,"273","73.188.132.34","622"
"115ea3","510","425",\N,\N,\N,"425","75.109.43.76","1611"
"1248","89",\N,\N,\N,\N,\N,\N,\N
"1273f0","432",\N,\N,"352",\N,"352","24.227.222.199","674"
"127c","249","199",\N,\N,\N,"198","75.88.147.55","883"
"138f83","122",\N,\N,"99",\N,"99","65.196.153.68","1484"
"13fd35","256",\N,\N,\N,"204","203","98.148.28.41","892"
"141940","244",\N,"194",\N,\N,"193","172.56.4.173","694"
"1420","451",\N,\N,\N,"368","368","71.226.130.47","824"
"147d89","368",\N,\N,\N,\N,\N,\N,\N
"147ed8","1079",\N,\N,\N,\N,\N,\N,\N
"14b622","434",\N,"358",\N,\N,"358","70.173.68.133","1365"
"14b7","496",\N,\N,"409",\N,"409","69.160.150.66","828"
"14d2","485",\N,\N,"396",\N,"396","24.152.245.88","564"
"154ae2","1011",\N,\N,\N,\N,\N,\N,\N
"155b2d","176",\N,\N,\N,"134","133","74.242.218.181","607"
"156e","207",\N,\N,\N,"162","161","192.152.249.253","1041"
"15c8ca","381",\N,"312",\N,\N,"312","74.160.128.154","750"
"15d1","115",\N,"91",\N,\N,"91","69.145.114.85","980"
"160b","40",\N,\N,\N,"36","35","@C:","1182"
"1613","118",\N,\N,\N,\N,\N,\N,\N
"16dd","751","613",\N,\N,\N,"610","69.118.94.228","1444"
"1737","814",\N,\N,\N,\N,\N,\N,\N
"184a26","14",\N,"15",\N,\N,"15","D	0ê","1016"
"18757d","433",\N,\N,"360",\N,"360","68.50.116.204","1696"
"18b3df","912",\N,\N,\N,\N,\N,\N,\N
"18e6","100",\N,"79",\N,\N,"77","‰?L","1131"
"19c2","147","111",\N,\N,\N,"111","69.47.42.164","668"
"19c5","473",\N,\N,"389",\N,"389","71.166.96.150","1112"
"1a1075","265",\N,\N,\N,\N,\N,\N,\N
"1a92","780",\N,\N,\N,\N,\N,\N,\N
"1b1bd5","192","147",\N,\N,\N,"146","198.47.115.42","516"
"1b4d","72",\N,"54",\N,\N,"53","hP<","838"
"1cfe","180",\N,\N,\N,\N,\N,\N,\N
"1cff","384",\N,\N,\N,"316","316","107.2.16.70","1054"
"1d48","246",\N,\N,\N,"197","196","162.201.138.156","1295"
"1d6fa3","88","67",\N,\N,\N,"66","@9•Ö","749"
"1ddd","757","615",\N,\N,\N,"612","63.137.145.225","2116"
"1e4279","518",\N,"429",\N,\N,"429","76.177.221.74","1221"
"1e60","364",\N,"291",\N,\N,"291","99.108.83.14","467"
"1e8c5e","52",\N,\N,"41",\N,"40","C—P—","618"
"1f2ad0","299",\N,"245",\N,\N,"245","67.1.141.253","1411"
"1f6f","826",\N,\N,\N,\N,\N,\N,\N
"1f86","259",\N,\N,"209",\N,"208","98.245.252.221","1354"
"1fa842","111",\N,\N,"87",\N,"87","99.103.217.196","996"
"2011","382",\N,\N,\N,"313","313","69.73.97.42","996"
"203d43","167",\N,"127",\N,\N,"127","140.254.63.5","925"
"20c0","471",\N,\N,\N,"387","387","68.157.156.48","1279"
"2149","337",\N,\N,\N,\N,\N,\N,\N
"2169df","179","135",\N,\N,\N,"134","107.181.200.189","364"
"2281","321",\N,\N,"261",\N,"261","72.191.94.13","1247"
"22ba40","78",\N,\N,\N,\N,\N,\N,\N
"235a97","827",\N,\N,\N,\N,\N,\N,\N
"23be","333","271",\N,\N,\N,"271","76.110.162.197","991"
"2440","59",\N,\N,"47",\N,"46","e-™","1355"
"2444","208",\N,\N,\N,"160","159","98.94.203.20","920"
"244af7","151","116",\N,\N,\N,"116","24.118.90.23","744"
"2484","175",\N,"132",\N,\N,"131","67.242.44.248","398"
"255c89","262",\N,"210",\N,\N,"209","107.133.192.197","1070"
"264c","999",\N,\N,\N,\N,\N,\N,\N
"26cc","489",\N,\N,\N,"402","402","24.102.156.47","911"
"26f8","19",\N,\N,\N,"16","16","c/X⁄","945"
"26ffff","742","603",\N,\N,\N,"600","98.121.223.242","691"
"2816e2","413","337",\N,\N,\N,"337","162.196.221.128","772"
"2833","73",\N,\N,"51",\N,"50","H∫|h","564"
"283d","488",\N,\N,"401",\N,"401","184.75.195.194","826"
"288e","963",\N,\N,\N,\N,\N,\N,\N
"2931","1076",\N,\N,\N,\N,\N,\N,\N
"294d","3","12",\N,\N,\N,"12","≠aE","1073"
"2973","390",\N,"319",\N,\N,"319","97.126.63.128","1036"
"297f","750","611",\N,\N,\N,"608","68.119.21.109","512"
"29ab","917",\N,\N,\N,\N,\N,\N,\N
"29e050","200",\N,\N,\N,"152","151","74.196.51.12","543"
"2a11","226",\N,"176",\N,\N,"175","72.186.124.104","419"
"2b2483","387",\N,\N,"317",\N,"317","50.170.209.76","852"
"2b6ee7","140",\N,"113",\N,\N,"113","174.106.170.32","845"
"2b7673","304",\N,\N,\N,"242","242","74.240.59.201","778"
"2b7f6d","63",\N,\N,"52",\N,"51","–Jü:","1082"
"2ba648","9",\N,\N,"3",\N,"3","a{H","598"
"2c18","505","419",\N,\N,\N,"419","131.247.70.1","1013"
"2d2a","457",\N,\N,\N,"371","371","66.68.23.212","404"
"2e1090","275",\N,\N,\N,\N,\N,\N,\N
"2eb0","47",\N,\N,\N,\N,\N,\N,\N
"2ef860","474",\N,\N,\N,"390","391","74.138.214.243","1144"
"2f7a","60",\N,\N,\N,\N,\N,\N,\N
"2f9625","184",\N,\N,"137",\N,"137","97.75.106.227","447"
"304e","165",\N,\N,\N,"126","126","50.159.102.198","1075"
"3078f8","809",\N,\N,\N,\N,\N,\N,\N
"3080bf","942",\N,\N,\N,\N,\N,\N,\N
"30b490","127",\N,"95",\N,\N,"95","23.123.85.18","949"
"30e3a2","794",\N,\N,\N,\N,\N,\N,\N
"311f68","508",\N,"420",\N,\N,"420","66.119.2.234","1090"
"3164ff","452","370",\N,\N,\N,"370","75.135.31.79","837"
"3195","317",\N,\N,\N,"253","253","98.167.182.172","733"
"32898c","502",\N,\N,\N,"416","416","68.63.50.37","659"
"32a41a","199","158",\N,\N,\N,"157","96.232.33.168","984"
"32d32d","287",\N,"229",\N,\N,"229","68.38.36.134","993"
"331f","338","272",\N,\N,\N,"272","69.121.129.204","606"
"334122","1073",\N,\N,\N,\N,\N,\N,\N
"3395b0","417","339",\N,\N,\N,"339","98.226.161.158","626"
"3499f7","193",\N,\N,\N,\N,\N,\N,\N
"34f8","12",\N,\N,\N,"4","4","`≠+","816"
"3535","209",\N,\N,"161",\N,"160","69.35.195.247","895"
"35cc","26","20",\N,\N,\N,"20","F˚ƒÛ","638"
"360a","377",\N,\N,"310",\N,"310","65.184.39.248","846"
"3628d9","356",\N,"300",\N,\N,"300","162.233.8.83","1608"
"36336c","369",\N,\N,"302",\N,"302","67.142.173.21","1228"
"371e","135","103",\N,\N,\N,"103","98.145.229.180","1074"
"37b187","295","237",\N,\N,\N,"237","98.209.46.20","1592"
"37f0","454","369",\N,\N,\N,"369","50.107.148.92","499"
"3811d1","110",\N,"93",\N,\N,"93","24.58.255.108","1903"
"3813","403","332",\N,\N,\N,"332","24.88.125.217","859"
"3871c9","1038",\N,\N,\N,\N,\N,\N,\N
"3892","1044",\N,\N,\N,\N,\N,\N,\N
"3972","328",\N,"267",\N,\N,"268","184.88.25.171","709"
"3a58","267",\N,\N,\N,"215","215","149.130.194.26","980"
"3aeb","97",\N,\N,\N,\N,\N,\N,\N
"3b0d38","252","206",\N,\N,\N,"205","107.188.161.145","1359"
"3b6d","237","184",\N,\N,\N,"184","88.240.22.30","483"
"3b735c","332",\N,\N,\N,"266","266","50.152.66.197","359"
"3b80","952",\N,\N,\N,\N,\N,\N,\N
"3c3767","371",\N,\N,\N,"305","305","72.76.38.21","472"
"3c4307","497",\N,"408",\N,\N,"408","172.6.80.21","388"
"3cd24b","136",\N,"101",\N,\N,"101","172.56.28.192","409"
"3cfd","604",\N,\N,\N,\N,\N,\N,\N
"3d4a","163",\N,\N,"125",\N,"125","71.84.133.174","759"
"3ed3","242",\N,\N,\N,\N,\N,\N,\N
"3ee5d6","83","62",\N,\N,\N,"61","ÆR","700"
"3ef0","225",\N,\N,\N,"181","181","71.79.109.192","1029"
"3f1465","232",\N,\N,\N,"183","182","50.135.218.83","635"
"3f68","120",\N,\N,"92",\N,"92","50.108.138.205","1372"
"3f80","282","225",\N,\N,\N,"225","65.31.50.148","791"
"3fc4f0","310","247",\N,\N,\N,"247","96.37.220.131","600"
"3fed","1002",\N,\N,\N,\N,\N,\N,\N
"406c","350",\N,"288",\N,\N,"288","204.108.237.194","1386"
"4102","1008",\N,\N,\N,\N,\N,\N,\N
"410bf7","185",\N,\N,\N,\N,\N,\N,\N
"415269","490","399",\N,\N,\N,"399","75.150.233.141","555"
"41af","51",\N,\N,\N,\N,\N,\N,\N
"41df","95","73",\N,\N,\N,"72","B9Rx","1001"
"41f5","268",\N,\N,\N,"216","216","149.130.194.26","670"
"4241","49",\N,"38",\N,\N,"37","õ","1133"
"4261","436",\N,\N,\N,\N,\N,\N,\N
"42d40a","445","361",\N,\N,\N,"361","96.253.203.119","1091"
"439862","326","265",\N,\N,\N,"265","98.156.100.132","777"
"43aa","426",\N,\N,\N,\N,\N,\N,\N
"43ba","141",\N,\N,\N,"108","108","76.84.210.6","719"
"440346","55",\N,"42",\N,\N,"41","GÊç⁄","778"
"442b4d","121",\N,\N,\N,\N,\N,\N,\N
"44ab64","114",\N,"89",\N,\N,"89","65.191.14.175","917"
"4522","507",\N,\N,\N,"418","418","70.39.176.181","935"
"45715c","289","231",\N,\N,\N,"231","67.191.222.24","696"
"45a8","29",\N,"22",\N,\N,"22","G:‰6","454"
"45e0","988",\N,\N,\N,\N,\N,\N,\N
"463a23","798",\N,\N,\N,\N,\N,\N,\N
"465c","1003",\N,\N,\N,\N,\N,\N,\N
"4681","2",\N,\N,"1",\N,"1","K¢‚…","578"
"479d39","896",\N,\N,\N,\N,\N,\N,\N
"47ba26","284",\N,\N,\N,"228","228","68.191.114.131","1295"
"481cf4","188",\N,\N,\N,"146","145","66.202.206.12","834"
"488c","77",\N,"59",\N,\N,"58","A<ï‘","828"
"4910","465",\N,\N,"378",\N,"378","70.39.176.181","676"
"4952b4","71",\N,"53",\N,\N,"52","H[!-","771"
"497afb","503",\N,\N,"417",\N,"417","99.47.88.218","662"
"49b4","296","238",\N,\N,\N,"238","24.1.157.180","2528"
"4a0f61","891",\N,\N,\N,\N,\N,\N,\N
"4a53","638",\N,\N,\N,\N,\N,\N,\N
"4a774e","227",\N,\N,\N,\N,\N,\N,\N
"4add","643",\N,\N,\N,\N,\N,\N,\N
"4bdd","316",\N,\N,\N,\N,\N,\N,\N
"4c7f","975",\N,\N,\N,\N,\N,\N,\N
"4d14a2","885",\N,\N,\N,\N,\N,\N,\N
"4d2f","303",\N,\N,\N,\N,\N,\N,\N
"4d42","103","80",\N,\N,\N,"79","lÊ÷Y","863"
"4d43","353",\N,\N,\N,"284","284","66.249.88.6","802"
"4e93cc","178",\N,\N,"138",\N,"136","131.215.23.10","818"
"4efd","389","318",\N,\N,\N,"318","72.208.122.27","863"
"4f09","829",\N,\N,\N,\N,\N,\N,\N
"4f20","214",\N,\N,\N,"164","163","68.47.205.156","946"
"4f39","1012",\N,\N,\N,\N,\N,\N,\N
"51adf8","102",\N,\N,"74",\N,"73","J∞…","855"
"51ec","909",\N,\N,\N,\N,\N,\N,\N
"52b68c","38","27",\N,\N,\N,\N,\N,\N
"539721","516",\N,"427",\N,\N,"426","70.209.131.133","743"
"5428ef","70","50",\N,\N,\N,"49","b∞Ì","83"
"547e6b","27",\N,"19",\N,\N,"19","Bı‡'","401"
"54a8b3","298","239",\N,\N,\N,"239","98.230.146.195","613"
"54c7","58",\N,\N,\N,"46","45","L}í⁄","644"
"5594","46","33",\N,\N,\N,"32","Lp]‰","819"
"55cc","254",\N,"203",\N,\N,"202","71.194.225.210","955"
"5668e5","168",\N,\N,\N,"131","130","75.182.0.152","780"
"56d4","6",\N,\N,"5",\N,"5","FbÖﬁ","826"
"5739","294",\N,"236",\N,\N,"236","24.60.31.32","1199"
"576fbb","5",\N,"6",\N,\N,"6","2'‹ü","830"
"581397","13",\N,\N,"8",\N,"8","1ÕÂ\0","973"
"58bb","302",\N,\N,"240",\N,"240","70.178.2.160","683"
"58d2af","285","226",\N,\N,\N,"226","74.78.197.8","816"
"58ee","416",\N,\N,\N,"336","336","75.251.175.202","438"
"5999","671",\N,\N,\N,\N,\N,\N,\N
"59f807","1065",\N,\N,\N,\N,\N,\N,\N
"5a48d8","33","28",\N,\N,\N,"27","DT	","1163"
"5a9012","247","195",\N,\N,\N,"194","67.61.94.118","642"
"5acf","504",\N,"415",\N,\N,"415","162.129.251.29","572"
"5aef","166",\N,\N,"128",\N,"128","174.102.13.236","786"
"5b0c","361","293",\N,\N,\N,"293","199.30.104.169","1028"
"5b3389","1108",\N,\N,\N,\N,\N,\N,\N
"5b6923","867",\N,\N,\N,\N,\N,\N,\N
"5bec62","722",\N,\N,\N,\N,\N,\N,\N
"5ca0","407",\N,"335",\N,\N,"335","68.62.57.215","825"
"5cc819","357",\N,\N,\N,"286","286","50.10.114.160","815"
"5d08b8","427",\N,\N,\N,"350","350","173.200.206.70","831"
"5d48","512",\N,\N,"426",\N,"427","172.56.1.202","1400"
"5d97","1060",\N,\N,\N,\N,\N,\N,\N
"5e1f3e","138",\N,\N,\N,"106","106","173.163.222.154","945"
"5e2af6","1105",\N,"837",\N,\N,\N,\N,\N
"5e61da","481",\N,\N,"400",\N,"400","70.199.247.98","1172"
"5eb389","1078",\N,\N,\N,\N,\N,\N,\N
"5f1e","281",\N,\N,\N,\N,\N,\N,\N
"5f48","61",\N,"48",\N,\N,"47","câÂ","1122"
"5f54","405",\N,"330",\N,\N,"330","67.5.237.24","857"
"5f564a","678",\N,\N,\N,\N,\N,\N,\N
"5f6ce0","868",\N,\N,\N,\N,\N,\N,\N
"5f7ad4","306",\N,\N,"243",\N,"243","71.145.248.61","709"
"606d","439",\N,\N,\N,"357","357","96.38.10.65","931"
"60b6","783",\N,\N,\N,\N,\N,\N,\N
"6174","301","244",\N,\N,\N,"244","23.252.82.204","1367"
"617f62","240","192",\N,\N,\N,"191","24.166.64.110","903"
"6243","864",\N,\N,\N,\N,\N,\N,\N
"625f6c","468",\N,\N,\N,"385","386","73.48.102.42","1264"
"62fe","483",\N,\N,\N,\N,\N,\N,\N
"6381","927",\N,\N,\N,\N,\N,\N,\N
"638200","747","606",\N,\N,\N,"603","38.100.184.41","428"
"6470","734",\N,\N,\N,\N,\N,\N,\N
"651f","396",\N,"325",\N,\N,"325","63.142.161.7","942"
"6528","116",\N,\N,\N,"85","85","98.164.126.74","405"
"65a1d9","37",\N,"34",\N,\N,"33","låb","1148"
"65a2af","68",\N,\N,\N,\N,\N,\N,\N
"65cc23","238",\N,"186",\N,\N,"185","107.196.122.26","724"
"65d6","1024",\N,\N,\N,\N,\N,\N,\N
"660a","220",\N,\N,\N,\N,\N,\N,\N
"6610","1",\N,\N,\N,"17","17","EÃr·","1378"
"663f","995",\N,\N,\N,\N,\N,\N,\N
"663f77","351",\N,\N,"294",\N,"294","24.249.44.69","2055"
"66ffe6","766",\N,\N,\N,\N,\N,\N,\N
"673584","475",\N,\N,\N,\N,\N,\N,\N
"678152","50",\N,\N,"32",\N,"31","HW≤#","327"
"68fe74","450",\N,\N,\N,"367","367","166.147.72.143","776"
"6920","1022",\N,\N,\N,\N,\N,\N,\N
"6963","800",\N,\N,\N,\N,\N,\N,\N
"697b","513",\N,\N,\N,"424","424","67.80.113.30","1123"
"6989","236","191",\N,\N,\N,"190","99.65.169.237","1311"
"69f1","897",\N,\N,\N,\N,\N,\N,\N
"6a4acc","415",\N,\N,"343",\N,"343","75.68.184.71","1211"
"6ab1","375",\N,\N,\N,"307","307","70.214.100.227","486"
"6c2155","365",\N,\N,"297",\N,"297","108.233.22.148","800"
"6cf640","54",\N,\N,"43",\N,"42","≠N#","998"
"6d0b","730",\N,\N,\N,\N,\N,\N,\N
"6d2e","172",\N,\N,\N,\N,\N,\N,\N
"6d3e93","322",\N,\N,"260",\N,"260","98.229.138.65","971"
"6da35f","45",\N,\N,\N,"26","26","kèD0","475"
"6e3c","243",\N,\N,\N,"193","192","71.93.210.38","799"
"6ef455","386",\N,\N,\N,\N,\N,\N,\N
"6f7f","460",\N,\N,"376",\N,"376","162.226.236.129","857"
"6fe9","291",\N,\N,"233",\N,"233","69.129.196.51","1014"
"703998","277","222",\N,\N,\N,"222","68.4.114.117","638"
"711a","817",\N,\N,\N,\N,\N,\N,\N
"713e","219",\N,\N,\N,"177","176","71.22.223.152","1150"
"7189","182","142",\N,\N,\N,"141","108.179.35.130","1145"
"7201","753",\N,\N,\N,\N,\N,\N,\N
"727f0a","1023",\N,\N,\N,\N,\N,\N,\N
"732dd9","860",\N,\N,\N,\N,\N,\N,\N
"73cc63","93",\N,\N,\N,\N,\N,\N,\N
"741cd9","463",\N,\N,\N,\N,\N,\N,\N
"741d1b","239",\N,\N,\N,"190","189","66.216.248.8","811"
"74b34b","153",\N,\N,"114",\N,"114","192.203.201.3","417"
"74e2","859",\N,\N,\N,\N,\N,\N,\N
"751fd8","422",\N,\N,\N,"347","347","173.188.194.31","1177"
"758a","743","604",\N,\N,\N,"601","198.151.8.4","1071"
"75d6","1066",\N,\N,\N,\N,\N,\N,\N
"7610","905",\N,\N,\N,\N,\N,\N,\N
"7611e3","211",\N,\N,\N,\N,\N,\N,\N
"7710ff","159",\N,\N,\N,"120","120","107.145.144.102","591"
"782f6c","759","616",\N,\N,\N,"613","128.91.97.88","1135"
"790cec","461","374",\N,\N,\N,"374","67.234.155.249","687"
"792fa6","343","278",\N,\N,\N,"278","70.197.10.195","1103"
"79385f","479",\N,"393",\N,\N,"393","156.98.123.252","531"
"79ad","352",\N,\N,\N,"285","285","97.103.220.145","1360"
"7a33","320",\N,\N,"259",\N,"259","50.159.200.173","1325"
"7b84de","251",\N,\N,\N,\N,\N,\N,\N
"7c80","398",\N,\N,\N,\N,\N,\N,\N
"7c9f","412",\N,\N,\N,\N,\N,\N,\N
"7cbeec","297",\N,\N,\N,\N,\N,\N,\N
"7cef76","34",\N,\N,\N,\N,\N,\N,\N
"7cff","462","381",\N,\N,\N,"381","174.97.32.208","1436"
"7d6cfa","248","196",\N,\N,\N,"195","24.4.26.156","649"
"7db141","1036",\N,\N,\N,\N,\N,\N,\N
"7de2","758","617",\N,\N,\N,"614","147.97.18.76","2815"
"7df98c","372",\N,"306",\N,\N,"306","75.51.186.197","854"
"7e13","113",\N,\N,\N,\N,\N,\N,\N
"7edf10","425",\N,\N,\N,"348","348","24.90.157.114","823"
"7ef03d","492",\N,\N,"406",\N,"406","72.79.183.244","1147"
"7fb64a","105",\N,\N,"81",\N,"80","2 î","404"
"8076bd","695",\N,\N,\N,\N,\N,\N,\N
"80cc","785",\N,\N,\N,\N,\N,\N,\N
"80d2bb","150",\N,\N,\N,\N,\N,\N,\N
"80e3ff","201",\N,\N,"157",\N,"155","68.66.20.4","811"
"810c","437",\N,\N,\N,\N,\N,\N,\N
"8154","286",\N,\N,\N,\N,\N,\N,\N
"81f15b","754",\N,\N,\N,\N,\N,\N,\N
"82a3e5","160",\N,\N,\N,\N,\N,\N,\N
"82b095","438",\N,\N,"355",\N,"355","98.224.206.253","826"
"846b32","134",\N,\N,\N,"102","102","130.132.173.249","827"
"84f4","913",\N,\N,\N,\N,\N,\N,\N
"8504cc","131",\N,\N,"105",\N,"105","64.251.133.45","1997"
"8638","511",\N,\N,"423",\N,"423","66.41.103.110","888"
"864750","224",\N,"175",\N,\N,"174","98.208.132.136","642"
"86a7be","825",\N,\N,\N,\N,\N,\N,\N
"876d","1006",\N,\N,\N,\N,\N,\N,\N
"878ec0","156",\N,\N,"118",\N,"118","104.32.37.180","619"
"87e7","400",\N,\N,\N,"326","326","65.184.159.180","785"
"8852","458",\N,"379",\N,\N,"379","152.15.112.93","1686"
"88d91b","331",\N,\N,\N,\N,\N,\N,\N
"890884","1005",\N,\N,\N,\N,\N,\N,\N
"8963","35",\N,\N,"25",\N,"25","KáÉ{","906"
"89d35b","629",\N,\N,\N,\N,\N,\N,\N
"89ea","75",\N,\N,\N,"58","57","kë}","797"
"8a2f42","245",\N,\N,\N,"198","197","71.47.141.198","1429"
"8a6017","24",\N,\N,\N,"13","13","ÆTy","609"
"8acc7b","394",\N,\N,"322",\N,"322","67.250.103.249","605"
"8b4c","44",\N,\N,"30",\N,"29","≠¨9","944"
"8b83bc","300","241",\N,\N,\N,"241","162.225.53.128","974"
"8cac1d","1067",\N,\N,\N,\N,\N,\N,\N
"8cd2","92",\N,\N,"70",\N,"69","C˘‹","796"
"8d6e","124",\N,\N,\N,"96","96","96.234.36.167","1269"
"8d9f","495",\N,\N,\N,"411","411","63.153.163.73","1022"
"8dc4","487","403",\N,\N,\N,"403","216.109.13.100","936"
"8dd5","197",\N,\N,"153",\N,"152","50.40.249.18","827"
"8deb","223",\N,\N,"173",\N,"172","72.241.186.156","472"
"8eff82","221","179",\N,\N,\N,"178","65.26.48.197","1252"
"8f3b","190",\N,\N,"148",\N,"147","24.253.91.184","884"
"8f92","308",\N,\N,\N,"249","249","24.197.116.187","1322"
"8feaae","399",\N,\N,\N,"327","327","107.213.189.205","1065"
"8ffbbe","385",\N,"314",\N,\N,"314","67.168.152.228","499"
"913835","404",\N,"331",\N,\N,"331","68.108.53.44","838"
"9242","139",\N,\N,"107",\N,"107","128.59.150.35","727"
"9320","86",\N,\N,\N,\N,\N,\N,\N
"939c","476",\N,\N,"388",\N,"388","174.125.249.188","590"
"93a2","470","382",\N,\N,\N,"382","69.141.162.7","818"
"93abf7","423",\N,\N,\N,\N,\N,\N,\N
"943109","154",\N,\N,\N,\N,\N,\N,\N
"9493ec","123",\N,\N,\N,\N,\N,\N,\N
"94d0","186","143",\N,\N,\N,"142","76.172.27.238","968"
"9507","149",\N,"112",\N,\N,"112","72.228.63.154","793"
"9528","271",\N,\N,\N,"219","220","67.174.57.207","975"
"956f5e","213",\N,"165",\N,\N,"164","68.222.180.130","1155"
"95c7","162",\N,\N,\N,"124","124","185.18.154.232","761"
"960586","401",\N,\N,"329",\N,"329","67.175.125.6","976"
"963b","878",\N,\N,\N,\N,\N,\N,\N
"964321","126",\N,"98",\N,\N,"98","24.32.9.12","1213"
"9662","318",\N,\N,\N,"256","256","174.59.29.148","1160"
"969d","752","612",\N,\N,\N,"609","74.128.209.135","635"
"97ae","941",\N,\N,\N,\N,\N,\N,\N
"98b57e","325",\N,\N,"263",\N,"263","68.191.218.83","586"
"9930c2","187",\N,\N,\N,"140","139","98.154.21.120","630"
"99b0","64",\N,\N,\N,\N,\N,\N,\N
"9a5e","323",\N,"262",\N,\N,"262","74.46.78.115","965"
"9a7952","720",\N,\N,\N,\N,\N,\N,\N
"9b6fe6","366",\N,"299",\N,\N,"299","68.62.168.36","704"
"9b89","109",\N,\N,\N,\N,\N,\N,\N
"9bc2","429",\N,\N,\N,\N,\N,\N,\N
"9da474","731",\N,\N,\N,\N,\N,\N,\N
"9de8","336",\N,\N,\N,"274","274","184.57.211.105","1058"
"9dfc2c","421",\N,"345",\N,\N,"345","24.209.81.86","786"
"9e1d","117","90",\N,\N,\N,"90","71.80.10.29","863"
"9f723e","514",\N,\N,\N,\N,\N,\N,\N
"9f89","748","610",\N,\N,\N,"607","70.115.208.152","899"
"9f955f","32",\N,\N,\N,"23","23","C—P—","555"
"9fb2","484",\N,\N,\N,"398","398","141.214.45.42","913"
"9fd9","241",\N,\N,\N,\N,\N,\N,\N
"a05de5","170",\N,\N,\N,"130","129","76.187.216.131","578"
"a09f","786",\N,\N,\N,\N,\N,\N,\N
"a0a4","402","328",\N,\N,\N,"328","75.71.164.120","682"
"a0ac","1069",\N,\N,\N,\N,\N,\N,\N
"a0c82a","491","404",\N,\N,\N,"404","173.65.236.149","780"
"a13495","354",\N,\N,\N,"287","287","174.111.14.156","1095"
"a1d9aa","363",\N,\N,"296",\N,"296","70.139.48.134","947"
"a1e4","881",\N,\N,\N,\N,\N,\N,\N
"a204","235",\N,\N,"187",\N,"186","76.17.132.173","1175"
"a229","347",\N,\N,\N,"282","282","108.32.58.21","437"
"a289d2","65",\N,\N,\N,\N,\N,\N,\N
"a2ea5a","424",\N,\N,"346",\N,"346","75.178.88.99","524"
"a359","20","10",\N,\N,\N,"10","`Ëx…","790"
"a375","358",\N,\N,\N,"292","292","68.56.80.128","1064"
"a38d","346",\N,\N,"281",\N,"281","76.104.42.77","1159"
"a3c1","966",\N,\N,\N,\N,\N,\N,\N
"a47a","69",\N,"57",\N,\N,"55","LD","1113"
"a4cd","79",\N,\N,\N,\N,\N,\N,\N
"a4fb43","270",\N,\N,"217",\N,"217","70.226.171.218","605"
"a57d0d","388",\N,\N,\N,\N,\N,\N,\N
"a5866c","480",\N,"394",\N,\N,"394","70.138.58.249","564"
"a5f4","944",\N,\N,\N,\N,\N,\N,\N
"a5fb","418",\N,\N,\N,"340","340","50.185.47.223","855"
"a64cfa","658",\N,\N,\N,\N,\N,\N,\N
"a656","447",\N,\N,\N,"364","364","98.25.179.42","1087"
"a7dc","392",\N,"320",\N,\N,"321","67.174.16.78","783"
"a836fa","1070",\N,\N,\N,\N,\N,\N,\N
"a939ea","229",\N,"182",\N,\N,"180","107.188.140.128","690"
"a981","195",\N,"150",\N,\N,"149","66.26.10.100","1147"
"a989","477","391",\N,\N,\N,"390","137.148.68.31","773"
"a98eea","1050",\N,\N,\N,\N,\N,\N,\N
"a9b697","898",\N,\N,\N,\N,\N,\N,\N
"a9cbf7","455",\N,\N,\N,\N,\N,\N,\N
"aa628b","469",\N,"384",\N,\N,"384","24.253.98.200","908"
"aa7e5a","515",\N,"421",\N,\N,"421","197.157.131.20","747"
"ab22","288",\N,"230",\N,\N,"230","96.242.212.166","1131"
"ab8f3e","169","136",\N,\N,\N,"135","70.192.205.158","1176"
"aba638","311",\N,"251",\N,\N,"251","98.236.174.154","1029"
"abd0","31",\N,"24",\N,\N,"24","ßﬁ‹","808"
"abff","448",\N,\N,"366",\N,"366","71.110.208.93","1157"
"ac010f","330",\N,\N,\N,\N,\N,\N,\N
"ac81","779",\N,\N,\N,\N,\N,\N,\N
"ac94","441",\N,\N,\N,"356","356","74.111.201.73","592"
"acd4","362","301",\N,\N,\N,"301","76.125.146.218","1199"
"acddd0","650",\N,\N,\N,\N,\N,\N,\N
"ad75","519",\N,\N,"430",\N,"430","72.173.64.59","1131"
"ad76","378","311",\N,\N,\N,"311","96.251.198.251","1050"
"adb38f","125",\N,\N,"94",\N,"94","64.134.185.232","895"
"aec5","101",\N,"75",\N,\N,"74","L¨-","843"
"afbd09","709",\N,\N,\N,\N,\N,\N,\N
"b03c","420","344",\N,\N,\N,"344","74.193.81.72","673"
"b276","446","362",\N,\N,\N,"362","50.181.172.238","1144"
"b2c611","11",\N,\N,"9",\N,"9","KñÑ","1008"
"b2dada","76",\N,"56",\N,\N,"56","G‡2","683"
"b2e20d","257","212",\N,\N,\N,"212","174.58.15.217","1748"
"b391e0","255",\N,\N,\N,"201","200","66.75.44.59","693"
"b3d1dd","899",\N,\N,\N,\N,\N,\N,\N
"b4ec","130",\N,\N,\N,\N,\N,\N,\N
"b500","777",\N,\N,\N,\N,\N,\N,\N
"b51727","395",\N,\N,\N,"324","324","129.110.5.107","3074"
"b6dfe8","341",\N,"276",\N,\N,"276","71.202.25.74","640"
"b767cf","74",\N,"55",\N,\N,"54","bî)","625"
"b78c","842",\N,\N,\N,\N,\N,\N,\N
"b86f60","472",\N,\N,\N,"386","385","76.95.0.106","841"
"b8ec7d","960",\N,\N,\N,\N,\N,\N,\N
"b949","260",\N,"207",\N,\N,"206","173.49.88.132","692"
"b97fc4","430",\N,\N,\N,\N,\N,\N,\N
"b9d7c7","128","97",\N,\N,\N,"97","76.112.18.67","1803"
"ba92","119",\N,\N,\N,\N,\N,\N,\N
"baa6e9","269","224",\N,\N,\N,"224","184.12.236.129","2050"
"bb3a","144",\N,\N,\N,\N,\N,\N,\N
"bb97","43","29",\N,\N,\N,"28","c∏","636"
"bbff","373",\N,\N,"304",\N,"304","71.180.136.244","341"
"bc5c","431","351",\N,\N,\N,"351","162.238.76.36","423"
"bc6308","805",\N,\N,\N,\N,\N,\N,\N
"bccb","133",\N,\N,\N,"104","104","75.139.132.205","1163"
"bcfd66","132",\N,\N,"100",\N,"100","72.186.124.104","567"
"bde124","482","395",\N,\N,\N,"395","97.122.235.205","608"
"be72","206",\N,"155",\N,\N,"154","99.17.45.160","532"
"bef7b3","383",\N,"315",\N,\N,"315","67.246.172.14","1129"
"bf134d","606",\N,\N,\N,\N,\N,\N,\N
"bf53","53",\N,\N,\N,"40","39","C=Am","724"
"bf66","203",\N,"159",\N,\N,"158","75.141.137.235","913"
"bfad86","1020",\N,\N,\N,\N,\N,\N,\N
"c02aed","379",\N,\N,\N,\N,\N,\N,\N
"c051","486",\N,\N,\N,"397","397","72.201.110.162","516"
"c098b1","902",\N,\N,\N,\N,\N,\N,\N
"c0ded2","449",\N,"365",\N,\N,"365","108.183.49.100","551"
"c202f9","760","618",\N,\N,\N,"615","75.190.176.46","930"
"c2c6c6","334",\N,\N,\N,"270","270","184.76.171.164","760"
"c33e6e","832",\N,\N,\N,\N,\N,\N,\N
"c3e791","36",\N,\N,\N,\N,\N,\N,\N
"c4404f","142",\N,\N,"119",\N,"119","70.127.243.154","1222"
"c469","99",\N,"76",\N,\N,"75","G<!‚","990"
"c4b2","824",\N,\N,\N,\N,\N,\N,\N
"c50383","261","205",\N,\N,\N,"204","67.5.111.74","636"
"c597","324",\N,\N,"264",\N,"264","208.65.217.126","1197"
"c650","191",\N,"141",\N,\N,"140","71.207.50.204","371"
"c65c","393",\N,"323",\N,\N,"323","71.51.143.50","735"
"c676","278",\N,\N,\N,"223","223","184.4.10.51","791"
"c69c67","1057",\N,\N,\N,\N,\N,\N,\N
"c6dc6e","374","308",\N,\N,\N,"308","70.189.203.77","156"
"c743e8","329",\N,\N,\N,"268","267","23.113.180.151","675"
"c768","196",\N,\N,\N,"154","153","98.119.193.172","952"
"c776","409",\N,\N,"333",\N,"333","98.176.198.8","326"
"c77d90","696",\N,"572",\N,\N,\N,\N,\N
"c7dcb5","967",\N,\N,\N,\N,\N,\N,\N
"c822","744","607",\N,\N,\N,"604","174.130.201.27","1280"
"c8b320","62",\N,\N,"49",\N,"48","Lhø$","1188"
"ca020a","498",\N,\N,\N,"410","410","135.245.48.13","768"
"ca18c0","1051",\N,\N,\N,\N,\N,\N,\N
"cb3ebf","467","383",\N,\N,\N,"383","107.210.124.140","948"
"cb5c54","397",\N,\N,\N,\N,\N,\N,\N
"cb6f","66",\N,\N,\N,\N,\N,\N,\N
"cb844c","428",\N,\N,\N,"349","349","70.176.105.9","740"
"cb90d8","42",\N,\N,"35",\N,"34","wπ","1166"
"cc6ca5","309",\N,"246",\N,\N,"246","64.134.11.203","814"
"cd0d27","501",\N,"412",\N,\N,"412","98.184.72.207","639"
"cd48","48","39",\N,\N,\N,"38","v¥Æ","1348"
"cdb0","194","149",\N,\N,\N,"148","66.253.210.133","655"
"cdbf54","189",\N,\N,\N,\N,\N,\N,\N
"ce749e","137",\N,\N,\N,\N,\N,\N,\N
"ce98d1","263",\N,\N,\N,"211","211","68.2.116.141","872"
"cef812","900",\N,\N,\N,\N,\N,\N,\N
"cf14","1021",\N,\N,\N,\N,\N,\N,\N
"cf47","143","115",\N,\N,\N,"115","50.38.232.217","931"
"d032","81",\N,\N,\N,\N,\N,\N,\N
"d0a7","87","65",\N,\N,\N,"64","D!y","672"
"d0d0ee","57",\N,"44",\N,\N,"43","J Øõ","702"
"d10db8","1048",\N,\N,\N,\N,\N,\N,\N
"d1111b","82",\N,\N,\N,"60","59","B◊ym","870"
"d1f9","459","373",\N,\N,\N,"373","128.146.68.232","232"
"d2f0f9","215",\N,\N,"169",\N,"168","173.59.46.252","694"
"d45691","279",\N,\N,\N,\N,\N,\N,\N
"d668","865",\N,\N,\N,\N,\N,\N,\N
"d716e2","181",\N,"139",\N,\N,"138","71.82.50.233","491"
"d73443","858",\N,\N,\N,\N,\N,\N,\N
"d77d","231",\N,\N,\N,"178","177","66.169.182.181","296"
"d84e0e","292",\N,"232",\N,\N,"232","72.218.14.138","925"
"d88159","80",\N,\N,"66",\N,"65","GTÖÆ","1694"
"d973ae","406",\N,"334",\N,\N,"334","184.100.199.6","895"
"d9a5","41",\N,"31",\N,\N,"30","Lá«","822"
"da40eb","250",\N,\N,\N,"200","199","74.183.118.3","981"
"db20","158",\N,\N,"123",\N,"123","184.98.49.59","1089"
"db69","204","167",\N,\N,\N,"166","69.35.176.124","1765"
"dbb2","360",\N,"295",\N,\N,"295","206.72.13.218","912"
"dca8","355","290",\N,\N,\N,"290","71.58.70.117","1178"
"dcbdf0","148",\N,\N,\N,"117","117","71.251.180.83","850"
"dced","435",\N,\N,\N,"353","353","67.186.3.111","655"
"dd3bd0","880",\N,\N,\N,\N,\N,\N,\N
"dd3e","155","121",\N,\N,\N,"121","69.35.192.126","1069"
"dd700d","493","405",\N,\N,\N,"405","74.203.230.180","860"
"dd8399","632",\N,\N,\N,\N,\N,\N,\N
"de8c","635",\N,\N,\N,\N,\N,\N,\N
"df2350","443",\N,\N,"363",\N,"363","198.210.104.63","1401"
"df61","444",\N,\N,\N,\N,\N,\N,\N
"dfc0","305",\N,"255",\N,\N,"255","24.50.244.186","2753"
"e03e","464",\N,\N,\N,"377","377","72.239.65.84","926"
"e046","770",\N,\N,\N,\N,\N,\N,\N
"e05eed","280",\N,\N,"227",\N,"227","107.145.165.189","1152"
"e06781","210","166",\N,\N,\N,"165","173.23.224.214","1380"
"e086","974",\N,\N,\N,\N,\N,\N,\N
"e0ccf8","216",\N,"170",\N,\N,"169","72.183.253.249","947"
"e0f4","687",\N,\N,\N,\N,\N,\N,\N
"e1ac","370","303",\N,\N,\N,"303","66.69.107.132","846"
"e2a629","290",\N,\N,"234",\N,"234","172.1.236.128","1501"
"e3d6","1058",\N,\N,\N,\N,\N,\N,\N
"e472fb","312",\N,\N,\N,"250","250","72.251.37.64","658"
"e519","108",\N,\N,\N,"84","84","72.50.86.80","701"
"e54275","442",\N,"359",\N,\N,"359","24.168.225.129","875"
"e55c53","466",\N,\N,\N,"380","380","76.178.209.209","841"
"e56546","28",\N,\N,"18",\N,"18","Aï“","390"
"e5bf","266","214",\N,\N,\N,"214","104.34.69.30","891"
"e6f1cb","7","7",\N,\N,\N,"7","2≥N","958"
"e6ff01","313",\N,"252",\N,\N,"252","66.81.28.110","1223"
"e75af7","273",\N,\N,\N,\N,\N,\N,\N
"e7a7","391",\N,\N,\N,"321","320","173.49.9.190","674"
"e7ae9d","212","163",\N,\N,\N,"162","72.88.118.250","832"
"e8118b","264","213",\N,\N,\N,"213","50.151.126.198","659"
"e9da","152",\N,\N,\N,\N,\N,\N,\N
"ea3c87","1045",\N,\N,\N,\N,\N,\N,\N
"eacb53","745","608",\N,\N,\N,"606","73.37.133.176","1113"
"ead2c5","792",\N,\N,\N,\N,\N,\N,\N
"eaff","657",\N,\N,\N,\N,\N,\N,\N
"eb457c","506",\N,\N,"428",\N,"428","98.67.80.205","2609"
"eba9","342",\N,\N,\N,\N,\N,\N,\N
"ebb67e","626",\N,\N,\N,\N,\N,\N,\N
"ebe2","906",\N,\N,\N,\N,\N,\N,\N
"ebfcc5","17",\N,\N,"11",\N,"11","C[az","860"
"ec64","234",\N,"185",\N,\N,"183","75.190.188.139","770"
"ec69ee","411",\N,\N,"342",\N,"342","72.192.162.57","1118"
"ec9495","67",\N,\N,\N,"64","63","ag‹ë","1846"
"ecb66f","1031",\N,\N,\N,\N,\N,\N,\N
"ece2","314","258",\N,\N,\N,"258","216.227.95.238","1576"
"ed5991","359",\N,\N,"289",\N,"289","173.175.88.143","782"
"ee669b","85",\N,\N,\N,"61","60","àéh","475"
"ee97bf","228",\N,\N,"180",\N,"179","174.22.176.159","727"
"eef6","500","414",\N,\N,\N,"414","50.45.173.41","832"
"ef13","183",\N,"144",\N,\N,"143","38.116.28.20","1143"
"ef2315","274",\N,\N,"218",\N,"218","65.35.150.132","601"
"ef8738","376",\N,\N,\N,\N,\N,\N,\N
"f10c","174",\N,\N,\N,"145","144","99.71.110.49","1914"
"f1f8b8","749","609",\N,\N,\N,"605","65.188.200.19","582"
"f233","414",\N,\N,\N,\N,\N,\N,\N
"f308","478",\N,\N,"392",\N,"392","65.28.103.140","616"
"f35a","819",\N,\N,\N,\N,\N,\N,\N
"f360","293",\N,\N,\N,"235","235","24.5.111.27","678"
"f366","164","129",\N,\N,\N,\N,\N,\N
"f36a","348",\N,\N,\N,"283","283","97.91.255.248","1133"
"f4b8e3","1074",\N,\N,\N,\N,\N,\N,\N
"f52e","713",\N,\N,\N,\N,\N,\N,\N
"f549db","107",\N,\N,"83",\N,"83","174.50.78.195","789"
"f64e36","96",\N,"72",\N,\N,"71","∏†","633"
"f68fbc","90",\N,"68",\N,\N,"67","ÿ∫ã","1086"
"f748","613",\N,\N,\N,\N,\N,\N,\N
"f757","319","257",\N,\N,\N,"257","24.60.31.32","1045"
"f7be8d","145",\N,"110",\N,\N,"110","50.135.136.34","708"
"f869","84",\N,\N,"63",\N,"62","¢‚ÏÅ","637"
"f899","1042",\N,\N,\N,\N,\N,\N,\N
"f8a6","23",\N,"14",\N,\N,"14","p (ì","740"
"f94c06","983",\N,\N,\N,\N,\N,\N,\N
"f97a","419",\N,\N,"341",\N,"341","75.148.160.117","705"
"f9f7","735",\N,\N,\N,\N,\N,\N,\N
"fa12","408",\N,\N,\N,\N,\N,\N,\N
"fa20","440",\N,"354",\N,\N,"354","184.21.124.136","492"
"fa3b","25",\N,"21",\N,\N,"21","l;0","933"
"fa3bfc","173",\N,\N,\N,"133","132","71.47.62.233","996"
"fa3f6b","104","77",\N,\N,\N,"76","∏)⁄·","1215"
"fa98ca","456",\N,\N,"375",\N,"375","98.194.76.227","1361"
"faba5e","1055",\N,\N,\N,\N,\N,\N,\N
"faf4","769",\N,\N,\N,\N,\N,\N,\N
"fb0470","494",\N,\N,\N,"407","407","65.36.45.254","1030"
"fb24","367",\N,\N,\N,"298","298","216.66.74.22","494"
"fbfe45","1027",\N,\N,\N,\N,\N,\N,\N
"fc61f2","344","280",\N,\N,\N,"280","23.113.30.117","1167"
"fc75","222",\N,"174",\N,\N,"173","174.55.230.225","802"
"fc7d","453",\N,\N,\N,"372","372","68.1.114.168","852"
"fd5e","129",\N,\N,\N,\N,\N,\N,\N
"fd98","253","202",\N,\N,\N,"201","70.164.118.71","844"
"fdeb","315",\N,\N,\N,"254","254","174.98.202.249","1029"
"fe1e","756","614",\N,\N,\N,"611","96.29.39.3","1411"
"fe2923","272",\N,"220",\N,\N,"219","108.249.220.152","1032"
"fe4e90","380",\N,\N,\N,"309","309","199.119.152.143","526"
"fec2","340","277",\N,\N,\N,"277","76.4.213.117","1376"
"ff12","218",\N,\N,"172",\N,"171","166.137.208.21","1210"
"ff47","146",\N,\N,"109",\N,"109","209.40.214.217","596"
"ff958c","177",\N,\N,\N,\N,\N,\N,\N
"ff9ec4","907",\N,\N,\N,\N,\N,\N,\N
"treemap2_00df08","611",\N,"509",\N,\N,"507","173.68.255.143","2323"
"treemap2_0332","675",\N,"549",\N,\N,"547","24.119.84.38","1260"
"treemap2_03a6ec","647",\N,"524",\N,\N,"522","68.185.139.235","895"
"treemap2_03c2","697",\N,"562",\N,\N,"559","184.158.9.104","97"
"treemap2_05e3","630",\N,"508",\N,\N,"506","108.217.53.71","841"
"treemap2_06c064","641",\N,"518",\N,\N,"516","108.84.204.89","990"
"treemap2_082c","608",\N,"496",\N,\N,"494","98.208.33.76","1079"
"treemap2_0c51","698",\N,"570",\N,\N,"567","142.11.74.151","834"
"treemap2_128270","707",\N,"577",\N,\N,"574","173.19.97.69","999"
"treemap2_13c7bc","660",\N,"534",\N,\N,"532","143.231.249.141","466"
"treemap2_152205","739",\N,"600",\N,\N,"597","174.25.63.94","991"
"treemap2_1826","633",\N,"515",\N,\N,"512","173.74.19.248","1066"
"treemap2_1cb48a","740",\N,"601",\N,\N,"598","77.12.90.89","443"
"treemap2_1dcf","691",\N,"561",\N,\N,"558","137.124.12.84","546"
"treemap2_1f7dcf","605",\N,"492",\N,\N,"490","68.121.255.154","862"
"treemap2_220421","616",\N,"498",\N,\N,"496","174.27.229.176","732"
"treemap2_2250","666",\N,"540",\N,\N,"538","73.43.18.111","1195"
"treemap2_22f93a","737",\N,"598",\N,\N,"595","24.178.43.55","684"
"treemap2_24aed9","646",\N,"525",\N,\N,"523","67.167.209.184","1120"
"treemap2_2626","609",\N,"491",\N,\N,"489","98.84.108.42","494"
"treemap2_267c","664",\N,"553",\N,\N,"551","216.81.94.75","3085"
"treemap2_26af","703",\N,"574",\N,\N,"570","140.106.192.35","1011"
"treemap2_29dc","628",\N,"512",\N,\N,"510","24.24.226.8","918"
"treemap2_2a78","625",\N,"507",\N,\N,"505","23.28.92.248","1546"
"treemap2_2e50","711",\N,"579",\N,\N,"576","108.252.133.93","1353"
"treemap2_30dedb","680",\N,"550",\N,\N,"548","192.226.220.195","745"
"treemap2_3808","636",\N,"514",\N,\N,"513","173.27.17.96","1213"
"treemap2_38d314","727",\N,"589",\N,\N,"586","209.129.85.52","434"
"treemap2_3a2b30","672",\N,"543",\N,\N,"541","66.90.158.124","963"
"treemap2_3a93c7","712",\N,"580",\N,\N,"577","75.162.224.57","644"
"treemap2_3b8b","719",\N,"591",\N,\N,"588","76.181.194.22","1507"
"treemap2_4002","708",\N,"573",\N,\N,"569","98.245.77.130","660"
"treemap2_43e810","728",\N,"593",\N,\N,"590","69.245.151.183","1085"
"treemap2_454577","682",\N,"551",\N,\N,"549","69.35.211.243","799"
"treemap2_5415","656",\N,"532",\N,\N,"531","168.91.255.100","2196"
"treemap2_5826df","689",\N,"569",\N,\N,"566","69.204.114.225","1421"
"treemap2_5acc","622",\N,"505",\N,\N,"503","67.185.219.70","1058"
"treemap2_5cff","668",\N,"544",\N,\N,"542","65.7.13.238","1148"
"treemap2_5fa58f","640",\N,"520",\N,\N,"518","50.165.122.52","1272"
"treemap2_6003","676",\N,"547",\N,\N,"545","68.250.185.207","1205"
"treemap2_6165","648",\N,"522",\N,\N,"520","24.112.189.66","691"
"treemap2_630e","693",\N,"564",\N,\N,"561","69.138.184.224","852"
"treemap2_69ca04","659",\N,"533",\N,\N,"530","50.126.38.84","1265"
"treemap2_6b58","619",\N,"502",\N,\N,"501","174.48.146.103","976"
"treemap2_6ba54f","667",\N,"542",\N,\N,"540","169.234.228.40","1079"
"treemap2_70f6ef","673",\N,"545",\N,\N,"543","71.51.36.94","1208"
"treemap2_71bd","715",\N,"581",\N,\N,"578","67.198.127.25","540"
"treemap2_751601","725",\N,"590",\N,\N,"587","71.229.91.88","1264"
"treemap2_765042","653",\N,"531",\N,\N,"529","201.191.69.234","1089"
"treemap2_7713","637",\N,"513",\N,\N,"511","113.199.210.63","617"
"treemap2_7f2ea2","615",\N,"494",\N,\N,"492","192.145.240.228","418"
"treemap2_8112a6","692",\N,"566",\N,\N,"563","75.145.107.33","1194"
"treemap2_834317","603",\N,"489",\N,\N,"487","72.74.255.230","231"
"treemap2_8489","642",\N,"521",\N,\N,"519","216.160.143.225","1089"
"treemap2_871f","736",\N,"597",\N,\N,"594","72.241.188.216","712"
"treemap2_8a376d","694",\N,"563",\N,\N,"560","128.110.87.253","743"
"treemap2_8c06d9","654",\N,"528",\N,\N,"526","97.97.149.108","551"
"treemap2_8e148e","684",\N,"555",\N,\N,"553","67.134.99.73","1286"
"treemap2_8f0b0d","655",\N,"530",\N,\N,"528","24.177.113.254","604"
"treemap2_972fb4","665",\N,"541",\N,\N,"539","76.188.176.77","1239"
"treemap2_9822","714",\N,"583",\N,\N,"580","98.26.17.99","1129"
"treemap2_9a5b8c","688",\N,"559",\N,\N,"556","99.195.97.11","715"
"treemap2_9af9f3","704",\N,"575",\N,\N,"572","96.239.83.160","987"
"treemap2_9b66","716",\N,"582",\N,\N,"579","24.117.197.20","615"
"treemap2_9c70","649",\N,"527",\N,\N,"525","71.114.167.130","786"
"treemap2_9ca6","683",\N,"556",\N,\N,"554","66.112.162.213","1602"
"treemap2_9da223","612",\N,"495",\N,\N,"493","71.117.141.187","753"
"treemap2_9ec074","723",\N,"588",\N,\N,"585","173.8.9.105","597"
"treemap2_9ef13f","685",\N,"557",\N,\N,"555","68.7.163.139","868"
"treemap2_a415","702",\N,"576",\N,\N,"573","173.61.113.6","1225"
"treemap2_a87691","620",\N,"500",\N,\N,"498","64.135.81.254","709"
"treemap2_acfc","614",\N,"510",\N,\N,"508","50.247.87.163","1985"
"treemap2_ae3f","631",\N,"516",\N,\N,"514","209.99.211.229","1527"
"treemap2_af12","634",\N,"511",\N,\N,"509","173.58.89.10","751"
"treemap2_b040","621",\N,"501",\N,\N,"499","162.197.121.49","855"
"treemap2_b17f","644",\N,"523",\N,\N,"521","24.144.201.220","1347"
"treemap2_b3e6","705",\N,"578",\N,\N,"575","184.6.215.157","1135"
"treemap2_b4b0","724",\N,"587",\N,\N,"584","173.19.97.69","708"
"treemap2_b77574","726",\N,"592",\N,\N,"589","67.234.164.16","916"
"treemap2_b809","718",\N,"585",\N,\N,"582","98.26.135.192","886"
"treemap2_b887da","645",\N,"519",\N,\N,"517","74.128.130.176","385"
"treemap2_b9ed","674",\N,"546",\N,\N,"544","99.75.93.209","1323"
"treemap2_bf6c","701",\N,"565",\N,\N,"564","184.153.240.35","592"
"treemap2_c0ab","699",\N,"568",\N,\N,"565","75.181.156.204","675"
"treemap2_c1c7","721",\N,"586",\N,\N,"583","75.51.97.49","665"
"treemap2_c26a4e","706",\N,"571",\N,\N,"568","24.181.78.243","526"
"treemap2_c41e","601",\N,"490",\N,\N,"488","38.122.252.146","484"
"treemap2_c42953","661",\N,"536",\N,\N,"534","76.226.60.182","1111"
"treemap2_c94c54","624",\N,"503",\N,\N,"500","69.35.160.188","678"
"treemap2_cae5","681",\N,"554",\N,\N,"552","108.90.191.37","1642"
"treemap2_ccd69d","700",\N,"567",\N,\N,"562","134.48.75.244","462"
"treemap2_d0e0","663",\N,"535",\N,\N,"533","129.105.81.219","906"
"treemap2_d14342","729",\N,"596",\N,\N,"592","98.204.247.84","1301"
"treemap2_d65820","717",\N,"584",\N,\N,"581","75.166.221.179","843"
"treemap2_d77a","651",\N,"526",\N,\N,"524","97.91.129.210","537"
"treemap2_d90b97","738",\N,"599",\N,\N,"596","174.45.176.55","730"
"treemap2_dfea","618",\N,"504",\N,\N,"502","97.93.58.206","1352"
"treemap2_e1b7c3","639",\N,"517",\N,\N,"515","97.121.171.138","1032"
"treemap2_e345d2","732",\N,"595",\N,\N,"593","173.81.136.208","1306"
"treemap2_e92c64","623",\N,"506",\N,\N,"504","67.231.160.128","1057"
"treemap2_ec4b","669",\N,"538",\N,\N,"536","24.60.191.33","585"
"treemap2_ec511f","679",\N,"552",\N,\N,"550","64.219.114.113","1502"
"treemap2_efc4","652",\N,"529",\N,\N,"527","68.0.81.151","889"
"treemap2_f14104","686",\N,"560",\N,\N,"557","173.52.250.200","815"
"treemap2_f1ae8a","733",\N,"594",\N,\N,"591","71.206.207.140","1023"
"treemap2_f3e8","662",\N,"537",\N,\N,"535","96.232.90.53","1411"
"treemap2_f4cc","602",\N,"493",\N,\N,"491","74.132.161.63","983"
"treemap2_f4fccf","617",\N,"499",\N,\N,"497","70.113.37.120","755"
"treemap2_f6ca","607",\N,"497",\N,\N,"495","174.97.61.112","1215"
"treemap2_f78961","670",\N,"539",\N,\N,"537","98.14.194.135","574"
"treemap2_fe41","677",\N,"548",\N,\N,"546","184.4.128.38","1097"
"WELLES_0053c8","520",\N,\N,"432",\N,"432","149.130.195.80","618"
"WELLES_006a","587",\N,\N,\N,"477","476","149.130.194.122","798"
"WELLES_050fe5","534",\N,\N,"438",\N,"438","149.130.193.29","1489"
"WELLES_095c31","543",\N,\N,"445",\N,"445","209.6.137.207","617"
"WELLES_10fd8d","538",\N,"441",\N,\N,"441","149.130.193.250","3446"
"WELLES_13c2b7","580",\N,"474",\N,\N,"473","149.130.206.94","2313"
"WELLES_196a35","586",\N,\N,\N,"476","475","149.130.203.70","475"
"WELLES_19921f","561",\N,\N,\N,"458","459","65.96.146.139","607"
"WELLES_19e2","550","450",\N,\N,\N,\N,\N,\N
"WELLES_1ce3d9","544",\N,\N,"446",\N,"446","98.217.155.53","776"
"WELLES_223c","567","462",\N,\N,\N,"463","149.130.193.230","372"
"WELLES_2326b8","592",\N,\N,\N,"482","480","149.130.194.71","2590"
"WELLES_23c8","553",\N,\N,\N,\N,\N,\N,\N
"WELLES_2cb17b","571",\N,\N,\N,\N,\N,\N,\N
"WELLES_2daf","552",\N,\N,"452",\N,"452","149.130.195.46","911"
"WELLES_336b","522",\N,\N,\N,\N,\N,\N,\N
"WELLES_3c08","547",\N,\N,\N,\N,\N,\N,\N
"WELLES_3cc318","545",\N,\N,\N,"447","447","98.217.155.53","1344"
"WELLES_3d9e29","598",\N,\N,"486",\N,"484","149.130.195.79","1300"
"WELLES_3e8c","593","481",\N,\N,\N,"479","149.130.185.231","550"
"WELLES_412a","526",\N,\N,\N,"434","434","134.174.140.216","766"
"WELLES_44da","549",\N,\N,\N,\N,\N,\N,\N
"WELLES_4627a2","582",\N,\N,\N,\N,\N,\N,\N
"WELLES_4b33","563","460",\N,\N,\N,"461","149.130.169.166","790"
"WELLES_4c52","535",\N,"439",\N,\N,"439","23.29.124.234","1203"
"WELLES_4dbf77","591",\N,\N,"479",\N,\N,\N,\N
"WELLES_54aa","556",\N,\N,\N,"454","455","128.95.148.122","289"
"WELLES_5703b6","539",\N,\N,\N,"442","442","149.130.215.22","1068"
"WELLES_57fd","540",\N,\N,"443",\N,"443","149.130.195.214","1881"
"WELLES_5a38","578",\N,\N,\N,"473","472","149.130.206.223","600"
"WELLES_5bfe","575","470",\N,\N,\N,"469","149.130.214.234","905"
"WELLES_5c9b","533",\N,\N,\N,\N,\N,\N,\N
"WELLES_5edaa5","566",\N,\N,"461",\N,"462","149.130.132.247","1501"
"WELLES_5fad","581",\N,\N,"475",\N,"474","149.130.206.220","1330"
"WELLES_601fa4","555",\N,"455",\N,\N,"456","149.130.206.238","1096"
"WELLES_635797","573",\N,"471",\N,\N,"470","149.130.195.129","1865"
"WELLES_65d4","588",\N,\N,\N,\N,\N,\N,\N
"WELLES_6c51","574","469",\N,\N,\N,"468","149.130.207.92","242"
"WELLES_6f039e","527",\N,\N,\N,"437","437","149.130.193.64","1688"
"WELLES_727825","568",\N,\N,\N,\N,\N,\N,\N
"WELLES_848e","562",\N,"459",\N,\N,"460","149.130.214.185","2623"
"WELLES_89b138","558",\N,\N,\N,\N,\N,\N,\N
"WELLES_8a5e","557",\N,\N,\N,\N,\N,\N,\N
"WELLES_8e3f","531",\N,\N,\N,\N,\N,\N,\N
"WELLES_8f9c38","530",\N,\N,\N,\N,\N,\N,\N
"WELLES_932282","542",\N,"444",\N,\N,"444","149.130.214.31","1121"
"WELLES_99cc","597",\N,"485",\N,\N,"483","149.130.206.103","288"
"WELLES_a0375a","576",\N,"472",\N,\N,"471","149.130.194.59","748"
"WELLES_a08d89","583",\N,\N,\N,\N,\N,\N,\N
"WELLES_a28399","590",\N,\N,\N,\N,\N,\N,\N
"WELLES_a2c6","536",\N,\N,\N,\N,\N,\N,\N
"WELLES_b0cb84","564",\N,\N,\N,"483","481","149.130.169.50","341955"
"WELLES_b305","595",\N,\N,"484",\N,"482","149.130.185.99","669"
"WELLES_b417","554",\N,"453",\N,\N,"454","149.130.154.111","763"
"WELLES_b613","560","457",\N,\N,\N,"458","18.93.15.142","1995"
"WELLES_bfa9","525",\N,"433",\N,\N,"433","149.130.193.170","654"
"WELLES_c026","579","480",\N,\N,\N,"478","149.130.224.241","8881"
"WELLES_c5f518","524",\N,\N,\N,\N,\N,\N,\N
"WELLES_cc636a","528",\N,\N,\N,\N,\N,\N,\N
"WELLES_d42b57","599",\N,\N,\N,"487","485","149.130.228.247","2726"
"WELLES_d937","577",\N,\N,\N,\N,\N,\N,\N
"WELLES_de04a0","537",\N,"440",\N,\N,"440","173.48.215.128","1026"
"WELLES_de9e7b","572","468",\N,\N,\N,"467","149.130.174.142","702"
"WELLES_df1c87","548",\N,\N,\N,"449","449","50.177.130.75","873"
"WELLES_e35c","559",\N,\N,\N,"456","457","209.6.50.88","1125"
"WELLES_e60a5a","594",\N,\N,\N,\N,\N,\N,\N
"WELLES_ef600f","551",\N,\N,"451",\N,"450","149.130.206.241","228"
"WELLES_f0019b","565",\N,\N,\N,\N,\N,\N,\N
"WELLES_f4aec7","532",\N,\N,\N,\N,\N,\N,\N
"WELLES_f576","523",\N,"436",\N,\N,"436","149.130.194.5","1110"
"WELLES_f6b3e5","521",\N,\N,\N,"431","431","149.130.178.199","318"
"WELLES_f6f5","546",\N,"448",\N,\N,"448","149.130.215.78","309"
"WELLES_f9b5","541",\N,\N,\N,\N,\N,\N,\N
"WELLES_fdf4","529",\N,\N,"435",\N,"435","149.130.193.221","388"
"WELLES_fe69af","589",\N,"478",\N,\N,"477","149.130.166.223","672"
"zpart_004079","982",\N,"775",\N,\N,"769","98.122.45.200","212"
"zpart_06df","971",\N,"765",\N,\N,"759","71.229.36.139","441"
"zpart_0774","812",\N,"651",\N,\N,"645","71.202.178.41","458"
"zpart_0c0d67","772",\N,"627",\N,\N,"621","97.123.30.166","453"
"zpart_0fab","1077",\N,"833",\N,\N,"828","69.253.107.138","1489"
"zpart_1a33","804",\N,"649",\N,\N,"643","71.213.187.236","1149"
"zpart_1c13","822",\N,"663",\N,\N,"657","74.206.56.108","787"
"zpart_1c4a","949",\N,"753",\N,\N,"747","108.243.251.13","1286"
"zpart_21c4","831",\N,"667",\N,\N,"661","107.216.252.33","611"
"zpart_2518","948",\N,"750",\N,\N,"744","76.24.46.98","571"
"zpart_25fac2","765",\N,"628",\N,\N,"622","71.7.76.88","1270"
"zpart_2a4755","796",\N,"643",\N,\N,"637","71.28.5.139","850"
"zpart_2a99c3","855",\N,"686",\N,\N,"680","69.207.50.250","990"
"zpart_2ed880","793",\N,"640",\N,\N,"634","50.133.52.155","611"
"zpart_325b","1100",\N,"840",\N,\N,"833","173.239.80.210","1381"
"zpart_357f","811",\N,"652",\N,\N,"646","75.97.117.68","561"
"zpart_35ea","895",\N,"714",\N,\N,"708","24.96.100.183","1056"
"zpart_35fe73","947",\N,"751",\N,\N,"745","72.234.174.63","1032"
"zpart_378f","879",\N,"705",\N,\N,"699","68.32.209.214","781"
"zpart_398994","1015",\N,"796",\N,\N,"790","108.86.18.123","916"
"zpart_39fa","854",\N,"689",\N,\N,"683","75.176.162.135","1402"
"zpart_3a9a","997",\N,"786",\N,\N,"780","67.7.209.13","899"
"zpart_3b7e","914",\N,"723",\N,\N,"717","174.27.3.236","1044"
"zpart_3c79f8","806",\N,"659",\N,\N,"653","96.61.26.70","3185"
"zpart_3cc1","957",\N,"758",\N,\N,"752","76.115.120.220","763"
"zpart_3dfbc6","986",\N,"778",\N,\N,"772","203.87.133.106","858"
"zpart_3e0a","1000",\N,"789",\N,\N,"783","72.199.50.115","1368"
"zpart_3eef","767",\N,"625",\N,\N,"619","24.147.55.247","512"
"zpart_4135","844",\N,"679",\N,\N,"673","204.238.189.12","593"
"zpart_4760","883",\N,"707",\N,\N,"700","99.61.10.128","848"
"zpart_495d","887",\N,"709",\N,\N,"703","71.178.30.19","448"
"zpart_4a106f","871",\N,"703",\N,\N,"697","75.139.148.61","1548"
"zpart_4c12","984",\N,"776",\N,\N,"770","50.130.12.202","641"
"zpart_4da4","872",\N,"698",\N,\N,"692","68.203.163.251","959"
"zpart_505fbd","1107",\N,"843",\N,\N,"836","76.22.115.1","1320"
"zpart_51c0f4","921",\N,"730",\N,\N,"724","67.186.43.63","1235"
"zpart_554b","843",\N,"678",\N,\N,"672","47.16.111.70","897"
"zpart_58c8e5","837",\N,"673",\N,\N,"667","99.180.96.143","1401"
"zpart_59a474","810",\N,"656",\N,\N,"650","74.139.126.41","1394"
"zpart_672ae6","1061",\N,"824",\N,\N,"818","66.99.114.250","974"
"zpart_6856","1062",\N,"825",\N,\N,"819","129.81.207.145","760"
"zpart_693a","771",\N,"629",\N,\N,"623","162.201.200.180","990"
"zpart_6aed","802",\N,"647",\N,\N,"641","68.113.244.194","673"
"zpart_71fac3","884",\N,"708",\N,\N,"702","74.107.101.147","918"
"zpart_731f88","933",\N,"739",\N,\N,"733","24.158.116.97","979"
"zpart_7cd081","876",\N,"700",\N,\N,"694","68.112.180.78","550"
"zpart_7f4d","926",\N,"733",\N,\N,"727","24.61.172.42","982"
"zpart_815497","970",\N,"768",\N,\N,"762","64.234.18.79","1364"
"zpart_8230","845",\N,"675",\N,\N,"669","68.234.202.14","383"
"zpart_82ed42","932",\N,"736",\N,\N,"730","72.178.164.181","652"
"zpart_881e","797",\N,"641",\N,\N,"635","75.133.244.175","252"
"zpart_89b323","856",\N,"688",\N,\N,"682","50.142.183.130","915"
"zpart_8c64d5","1013",\N,"795",\N,\N,"789","68.238.248.72","552"
"zpart_8d6718","781",\N,"634",\N,\N,"628","71.175.131.252","1026"
"zpart_96c2","820",\N,"661",\N,\N,"654","184.89.11.170","996"
"zpart_97fc","915",\N,"722",\N,\N,"716","108.77.236.22","625"
"zpart_9c2d3f","790",\N,"639",\N,\N,"633","174.49.206.240","1108"
"zpart_9fc5","1106",\N,"841",\N,\N,"834","76.23.243.224","1084"
"zpart_a0594b","1111",\N,"847",\N,\N,"840","149.130.193.131","1073"
"zpart_a2db63","863",\N,"694",\N,\N,"688","66.168.40.129","910"
"zpart_a3ea","1064",\N,"823",\N,\N,"817","71.241.219.184","314"
"zpart_a45368","813",\N,"654",\N,\N,"648","174.61.139.30","925"
"zpart_a4a4","1104",\N,"838",\N,\N,"831","192.195.66.4","932"
"zpart_a4d5","978",\N,"772",\N,\N,"766","98.90.201.2","909"
"zpart_a5f1","789",\N,"637",\N,\N,"631","75.111.14.35","653"
"zpart_a7b1","920",\N,"725",\N,\N,"719","73.183.133.232","438"
"zpart_acf1","833",\N,"670",\N,\N,"663","68.168.176.97","1299"
"zpart_b007","850",\N,"684",\N,\N,"678","108.41.95.64","1014"
"zpart_b093","801",\N,"646",\N,\N,"640","24.147.244.103","1366"
"zpart_b46c89","807",\N,"660",\N,\N,"655","69.62.150.117","2759"
"zpart_b54a","930",\N,"737",\N,\N,"731","24.30.94.128","1097"
"zpart_b721","782",\N,"632",\N,\N,"626","174.141.145.158","308"
"zpart_b77529","1071",\N,"830",\N,\N,"824","76.119.161.63","597"
"zpart_b9ad","1075",\N,"834",\N,\N,"827","24.188.161.224","1284"
"zpart_bdaa","857",\N,"692",\N,\N,"686","76.26.67.163","1476"
"zpart_be57","866",\N,"697",\N,\N,"691","65.129.70.35","1110"
"zpart_bf1a","962",\N,"764",\N,\N,"758","68.39.201.131","1206"
"zpart_bf949c","841",\N,"676",\N,\N,"671","50.53.171.104","1190"
"zpart_c221f9","910",\N,"721",\N,\N,"715","107.133.113.236","982"
"zpart_c3beee","987",\N,"777",\N,\N,"771","68.203.172.18","444"
"zpart_c5ab","1068",\N,"828",\N,\N,"822","96.28.36.136","801"
"zpart_c786be","795",\N,"642",\N,\N,"636","24.99.227.164","811"
"zpart_c89d","968",\N,"766",\N,\N,"760","68.102.192.66","1283"
"zpart_cb8f0f","990",\N,"781",\N,\N,"775","107.140.245.35","412"
"zpart_ce3c","882",\N,"706",\N,\N,"701","96.251.197.205","1294"
"zpart_cfb986","778",\N,"633",\N,\N,"627","190.166.154.141","1602"
"zpart_d3f566","943",\N,"746",\N,\N,"740","50.150.250.60","663"
"zpart_d4d6","945",\N,"749",\N,\N,"743","65.191.15.161","758"
"zpart_dc2e","894",\N,"712",\N,\N,"706","70.208.129.103","505"
"zpart_dc5f","852",\N,"682",\N,\N,"676","71.223.6.247","478"
"zpart_dd5d","775",\N,"631",\N,\N,"625","71.203.62.152","1414"
"zpart_df2c","959",\N,"760",\N,\N,"754","98.238.199.119","1057"
"zpart_e549","991",\N,"782",\N,\N,"776","216.119.182.179","589"
"zpart_e66e","979",\N,"773",\N,\N,"767","71.238.127.7","753"
"zpart_e94e","1110",\N,"844",\N,\N,"838","149.130.193.131","1073"
"zpart_e99f78","996",\N,"785",\N,\N,"779","98.110.191.233","759"
"zpart_eba21d","904",\N,"717",\N,\N,"711","24.251.154.73","481"
"zpart_ecdf79","940",\N,"748",\N,\N,"742","71.113.27.143","922"
"zpart_ed71b5","958",\N,"761",\N,\N,"755","99.27.150.50","1448"
"zpart_ee9d","889",\N,"710",\N,\N,"704","76.217.196.164","586"
"zpart_ef81ad","936",\N,"743",\N,\N,"737","173.191.69.211","1026"
"zpart_f27f","950",\N,"752",\N,\N,"746","108.47.105.217","995"
"zpart_f471","918",\N,"727",\N,\N,"721","24.18.229.146","1099"
"zpart_f494","788",\N,"636",\N,\N,"630","74.98.195.15","601"
"zpart_fb03","773",\N,"630",\N,\N,"624","98.221.240.254","1164"
"zpart_fc6360","799",\N,"645",\N,\N,"639","67.59.211.60","731"
"zpart_fc99a1","972",\N,"769",\N,\N,"763","150.212.84.90","1041"
"zpart_ff1a","1112",\N,"846",\N,\N,"839","149.130.194.26","564"
"zpart_ff3e","946",\N,"747",\N,\N,"741","75.138.122.17","658"
"ztree_027d","998",\N,"787",\N,\N,"781","66.26.84.91","1069"
"ztree_02d3","1054",\N,"820",\N,\N,"814","50.171.2.82","1085"
"ztree_038893","803",\N,"648",\N,\N,"642","50.48.49.189","1117"
"ztree_0413","830",\N,"666",\N,\N,"660","108.201.124.217","1474"
"ztree_050122","1001",\N,"790",\N,\N,"784","71.225.238.99","1502"
"ztree_0991","938",\N,"745",\N,\N,"739","76.110.58.174","1058"
"ztree_09d3","923",\N,"728",\N,\N,"722","108.243.20.191","1070"
"ztree_0d54","784",\N,"635",\N,\N,"629","160.36.162.187","649"
"ztree_0d5de2","925",\N,"732",\N,\N,"726","50.180.24.14","784"
"ztree_0e5e","911",\N,"720",\N,\N,"714","12.23.120.193","433"
"ztree_15b1","989",\N,"780",\N,\N,"774","99.13.122.47","667"
"ztree_16d9","1025",\N,"806",\N,\N,"800","172.242.88.118","1445"
"ztree_177e6d","1019",\N,"801",\N,\N,"795","172.8.236.221","1004"
"ztree_2251","823",\N,"664",\N,\N,"658","50.90.18.74","836"
"ztree_2e0e6d","1030",\N,"802",\N,\N,"796","72.187.165.1","581"
"ztree_2e63","977",\N,"770",\N,\N,"764","124.123.157.52","668"
"ztree_3648cb","1040",\N,"810",\N,\N,"804","69.125.156.146","412"
"ztree_36f325","1010",\N,"792",\N,\N,"786","72.56.92.27","237"
"ztree_372d","862",\N,"693",\N,\N,"687","98.176.102.24","944"
"ztree_38ca","901",\N,"716",\N,\N,"710","70.197.68.43","1278"
"ztree_391b","969",\N,"767",\N,\N,"761","74.75.78.222","1230"
"ztree_39c2bf","908",\N,"718",\N,\N,"712","71.195.141.171","262"
"ztree_3b15d6","1047",\N,"816",\N,\N,"810","70.215.131.2","646"
"ztree_3b36e4","1039",\N,"811",\N,\N,"805","107.221.210.183","814"
"ztree_3bb7ca","1052",\N,"818",\N,\N,"812","173.208.87.146","600"
"ztree_3c2b61","768",\N,"626",\N,\N,"620","74.76.198.227","524"
"ztree_3c9c","1049",\N,"817",\N,\N,"811","50.168.254.153","883"
"ztree_4106","931",\N,"740",\N,\N,"734","96.232.182.80","1229"
"ztree_423f7c","846",\N,"681",\N,\N,"675","74.195.97.121","619"
"ztree_4559","815",\N,"655",\N,\N,"649","206.255.68.191","964"
"ztree_45a7","821",\N,"662",\N,\N,"656","98.239.169.205","778"
"ztree_462aea","1053",\N,"819",\N,\N,"813","76.125.33.80","1518"
"ztree_47e120","929",\N,"735",\N,\N,"729","99.181.45.77","1245"
"ztree_5556","1026",\N,"803",\N,\N,"797","72.132.164.98","843"
"ztree_5689","916",\N,"724",\N,\N,"718","162.204.48.244","1190"
"ztree_571021","1004",\N,"791",\N,\N,"785","76.189.43.18","1128"
"ztree_5c6f","1016",\N,"797",\N,\N,"791","76.120.233.70","1179"
"ztree_5fc1","976",\N,"771",\N,\N,"765","24.21.215.198","799"
"ztree_62ac","874",\N,"702",\N,\N,"696","71.137.193.22","1163"
"ztree_6639","934",\N,"738",\N,\N,"732","155.97.120.109","645"
"ztree_67da","787",\N,"638",\N,\N,"632","67.234.175.181","856"
"ztree_67ea","903",\N,"719",\N,\N,"713","74.138.146.192","1246"
"ztree_69fa6c","1009",\N,"793",\N,\N,"787","50.53.158.143","723"
"ztree_704998","861",\N,"691",\N,\N,"685","184.56.62.247","408"
"ztree_7233","1041",\N,"812",\N,\N,"806","69.244.43.190","672"
"ztree_74fbeb","992",\N,"783",\N,\N,"778","32.216.50.130","888"
"ztree_7651","928",\N,"734",\N,\N,"728","75.132.227.213","1224"
"ztree_7aad","835",\N,"669",\N,\N,"664","76.232.17.177","701"
"ztree_7cbdc2","980",\N,"774",\N,\N,"768","24.15.61.126","744"
"ztree_7dfb08","840",\N,"677",\N,\N,"670","107.203.158.18","1317"
"ztree_80ca","1103",\N,"839",\N,\N,"832","24.63.94.15","1050"
"ztree_840b","922",\N,"729",\N,\N,"723","65.191.57.52","987"
"ztree_85c7","953",\N,"755",\N,\N,"749","99.51.72.198","868"
"ztree_876f1f","1018",\N,"799",\N,\N,"793","99.66.232.190","797"
"ztree_88ef","875",\N,"701",\N,\N,"695","108.20.1.250","814"
"ztree_8c2bde","870",\N,"699",\N,\N,"693","152.97.126.248","1399"
"ztree_8d5d","937",\N,"741",\N,\N,"735","71.195.25.163","558"
"ztree_9684","939",\N,"744",\N,\N,"738","181.194.106.220","585"
"ztree_9e84","888",\N,"711",\N,\N,"705","98.15.251.135","635"
"ztree_a0dc","851",\N,"683",\N,\N,"677","76.29.164.123","676"
"ztree_a0dd69","836",\N,"668",\N,\N,"662","70.187.177.127","580"
"ztree_a283","816",\N,"658",\N,\N,"652","173.16.34.39","1173"
"ztree_a7aab2","1102",\N,"842",\N,\N,"835","207.244.182.109","1606"
"ztree_a869f8","1093",\N,"835",\N,\N,"829","74.69.215.199","958"
"ztree_a9d786","1034",\N,"809",\N,\N,"803","98.219.144.247","1338"
"ztree_adb53e","955",\N,"757",\N,\N,"751","69.143.165.207","645"
"ztree_afc3","848",\N,"687",\N,\N,"681","99.129.129.22","1869"
"ztree_b2df","886",\N,"713",\N,\N,"707","74.105.17.193","792"
"ztree_b504ef","964",\N,"762",\N,\N,"756","72.187.10.129","587"
"ztree_ba90","965",\N,"763",\N,\N,"757","68.12.42.169","678"
"ztree_baa37c","951",\N,"754",\N,\N,"748","184.60.239.212","986"
"ztree_bb3b","994",\N,"784",\N,\N,"777","75.139.152.174","656"
"ztree_bd46","1101",\N,"836",\N,\N,"830","86.176.222.91","578"
"ztree_c13e","839",\N,"674",\N,\N,"668","67.242.3.236","1152"
"ztree_c29767","1109",\N,"845",\N,\N,"837","149.130.194.26","1043"
"ztree_c5f1","956",\N,"759",\N,\N,"753","96.248.12.250","173"
"ztree_c95b","954",\N,"756",\N,\N,"750","173.163.119.245","735"
"ztree_cacbff","935",\N,"742",\N,\N,"736","67.2.104.127","1714"
"ztree_cb7262","924",\N,"731",\N,\N,"725","107.5.162.181","977"
"ztree_cc0149","1007",\N,"794",\N,\N,"788","64.202.234.124","1580"
"ztree_cc37ae","919",\N,"726",\N,\N,"720","98.208.39.228","636"
"ztree_cd3df6","1063",\N,"826",\N,\N,"820","108.59.213.199","980"
"ztree_cf05","985",\N,"779",\N,\N,"773","108.18.234.82","1187"
"ztree_cf7727","1017",\N,"800",\N,\N,"794","24.177.228.45","1082"
"ztree_d0e220","1033",\N,"807",\N,\N,"801","72.192.247.63","819"
"ztree_d10bee","1043",\N,"814",\N,\N,"808","50.174.78.251","980"
"ztree_d2f495","1046",\N,"815",\N,\N,"809","24.22.117.71","1032"
"ztree_d353","869",\N,"695",\N,\N,"689","98.234.203.195","791"
"ztree_dbde3f","808",\N,"653",\N,\N,"647","69.35.211.245","940"
"ztree_de15","828",\N,"665",\N,\N,"659","67.2.194.231","827"
"ztree_de32","853",\N,"690",\N,\N,"684","108.230.190.38","2265"
"ztree_dec6","873",\N,"696",\N,\N,"690","65.34.185.137","539"
"ztree_e01565","847",\N,"680",\N,\N,"674","24.183.220.138","1010"
"ztree_e9a3","1014",\N,"798",\N,\N,"792","99.3.25.167","4875"
"ztree_f1d3","1072",\N,"832",\N,\N,"826","134.29.137.3","1002"
"ztree_f63cbe","834",\N,"671",\N,\N,"665","216.9.189.125","1161"
"ztree_f900b8","877",\N,"704",\N,\N,"698","71.61.161.185","1453"
"ztree_f957ca","1056",\N,"821",\N,\N,"815","76.107.36.41","738"
"ztree_fa6ecb","1032",\N,"808",\N,\N,"802","99.115.12.204","1229"
"ztree_fbae47","818",\N,"657",\N,\N,"651","71.53.72.100","339"
"ztree_fc08","1059",\N,"822",\N,\N,"816","37.221.175.39","713"
"ztree_fc336e","1029",\N,"804",\N,\N,"798","173.78.149.130","1029"
