"601","treemap2_c41e","false","99","true","true","true","true","126"
"602","treemap2_f4cc","false","99","true","true","true","true","136"
"603","treemap2_834317","true","50","true","false","true","true","33"
"605","treemap2_1f7dcf","false","99","false","true","true","true","168"
"607","treemap2_f6ca","false","99","false","true","true","true","215"
"608","treemap2_082c","false","99","false","true","true","true","223"
"609","treemap2_2626","true","99","false","true","true","true","115"
"611","treemap2_00df08","false","99","true","true","true","true","441"
"612","treemap2_9da223","false","99","false","true","true","true","218"
"614","treemap2_acfc","false","99","false","true","true","true","224"
"615","treemap2_7f2ea2","false","10","false","true","true","true","117"
"616","treemap2_220421","false","99","false","true","true","true","64"
"617","treemap2_f4fccf","false","99","true","true","true","true","157"
"618","treemap2_dfea","false","99","false","true","true","true","215"
"619","treemap2_6b58","false","99","false","true","false","true","185"
"620","treemap2_a87691","false","99","false","true","true","true","157"
"621","treemap2_b040","false","99","true","true","true","true","303"
"622","treemap2_5acc","false","99","false","true","true","true","109"
"623","treemap2_e92c64","false","99","false","true","true","true","156"
"624","treemap2_c94c54","false","99","false","false","true","true","145"
"625","treemap2_2a78","true","99","true","true","true","true","569"
"628","treemap2_29dc","false","99","false","true","true","true","119"
"630","treemap2_05e3","false","99","false","true","true","true","157"
"631","treemap2_ae3f","false","99","false","true","true","true","276"
"633","treemap2_1826","false","99","false","true","true","true","148"
"634","treemap2_af12","false","99","false","true","true","true","168"
"636","treemap2_3808","false","99","false","true","true","true","248"
"637","treemap2_7713","false","10","false","true","true","true","198"
"639","treemap2_e1b7c3","false","99","true","true","true","true","161"
"640","treemap2_5fa58f","false","99","false","true","true","true","152"
"641","treemap2_06c064","false","99","false","true","true","true","123"
"642","treemap2_8489","false","99","false","true","true","true","167"
"644","treemap2_b17f","false","99","false","true","true","true","144"
"645","treemap2_b887da","false","99","false","true","false","true","106"
"646","treemap2_24aed9","true","99","false","true","true","true","189"
"647","treemap2_03a6ec","true","99","false","true","true","true","58"
"648","treemap2_6165","false","99","true","true","true","true","178"
"649","treemap2_9c70","false","99","false","true","true","true","172"
"651","treemap2_d77a","false","99","false","true","true","true","128"
"652","treemap2_efc4","false","99","false","true","true","true","194"
"653","treemap2_765042","false","99","false","true","true","true","182"
"654","treemap2_8c06d9","true","99","false","true","true","true","206"
"655","treemap2_8f0b0d","false","99","false","true","true","true","196"
"656","treemap2_5415","false","99","false","true","true","true","195"
"659","treemap2_69ca04","false","99","false","true","true","true","346"
"660","treemap2_13c7bc","false","99","false","true","true","true","112"
"661","treemap2_c42953","false","99","false","true","true","true","168"
"662","treemap2_f3e8","false","99","false","true","true","true","430"
"663","treemap2_d0e0","false","99","true","true","true","true","246"
"664","treemap2_267c","false","99","false","true","true","true","173"
"665","treemap2_972fb4","false","99","false","true","true","true","161"
"666","treemap2_2250","false","99","false","true","true","true","256"
"667","treemap2_6ba54f","false","99","false","true","true","true","108"
"668","treemap2_5cff","false","99","false","true","true","true","121"
"669","treemap2_ec4b","false","99","false","true","true","true","110"
"670","treemap2_f78961","false","99","false","true","true","true","174"
"672","treemap2_3a2b30","false","99","false","true","true","true","337"
"673","treemap2_70f6ef","false","99","false","true","true","true","271"
"674","treemap2_b9ed","false","99","false","true","true","true","218"
"675","treemap2_0332","false","99","false","true","true","true","125"
"676","treemap2_6003","true","99","false","true","true","true","432"
"677","treemap2_fe41","false","99","false","true","true","true","372"
"679","treemap2_ec511f","false","99","false","true","true","true","171"
"680","treemap2_30dedb","false","99","false","false","true","true","140"
"681","treemap2_cae5","false","99","false","true","true","true","163"
"682","treemap2_454577","false","50","false","true","true","true","185"
"683","treemap2_9ca6","false","99","false","true","true","true","109"
"684","treemap2_8e148e","true","99","false","true","true","false","213"
"685","treemap2_9ef13f","false","99","false","true","true","true","95"
"686","treemap2_f14104","false","99","false","true","true","true","134"
"688","treemap2_9a5b8c","false","99","false","true","true","true","150"
"689","treemap2_5826df","false","99","false","true","true","true","288"
"691","treemap2_1dcf","false","99","false","true","true","true","116"
"692","treemap2_8112a6","false","99","true","true","true","true","280"
"693","treemap2_630e","false","99","false","true","true","true","124"
"694","treemap2_8a376d","false","99","false","true","true","true","97"
"697","treemap2_03c2","false","99","false","true","true","true","16"
"698","treemap2_0c51","false","99","false","true","true","true","110"
"699","treemap2_c0ab","false","99","false","true","true","true","106"
"700","treemap2_ccd69d","false","99","true","true","true","true","78"
"701","treemap2_bf6c","false","99","false","true","true","true","193"
"702","treemap2_a415","false","99","false","true","true","true","197"
"703","treemap2_26af","false","99","false","true","true","true","136"
"704","treemap2_9af9f3","false","99","false","true","true","true","157"
"705","treemap2_b3e6","false","99","true","true","true","true","189"
"706","treemap2_c26a4e","false","99","false","true","true","true","151"
"707","treemap2_128270","false","10","true","true","true","true","183"
"708","treemap2_4002","false","99","true","true","true","true","196"
"711","treemap2_2e50","false","99","false","true","true","true","30"
"712","treemap2_3a93c7","false","99","true","true","true","true","124"
"714","treemap2_9822","false","99","false","false","true","true","185"
"715","treemap2_71bd","false","99","false","true","true","true","85"
"716","treemap2_9b66","false","99","true","true","true","true","107"
"717","treemap2_d65820","false","99","false","true","true","true","118"
"718","treemap2_b809","false","99","false","true","true","true","151"
"719","treemap2_3b8b","false","99","false","true","true","true","255"
"721","treemap2_c1c7","false","99","false","true","true","true","128"
"723","treemap2_9ec074","true","99","false","true","true","true","123"
"724","treemap2_b4b0","true","99","true","true","true","true","262"
"725","treemap2_751601","false","99","true","true","true","true","542"
"726","treemap2_b77574","false","99","false","true","true","true","148"
"727","treemap2_38d314","false","99","false","true","true","true","52"
"728","treemap2_43e810","false","99","false","true","true","true","198"
"729","treemap2_d14342","false","99","false","true","true","true","171"
"732","treemap2_e345d2","false","99","false","true","true","true","318"
"733","treemap2_f1ae8a","false","99","false","true","true","true","192"
"736","treemap2_871f","false","99","false","true","true","true","103"
"737","treemap2_22f93a","false","99","false","true","true","true","167"
"738","treemap2_d90b97","false","99","true","true","false","true","177"
"739","treemap2_152205","false","99","false","true","true","true","129"
"740","treemap2_1cb48a","false","99","false","true","true","true","80"
