variant,gene_symbol,summary,clinical_importance,evidence,impact,frequency,category,inheritance,zygosity,PMIDs,dbSNP_ID,penetrance_score,build_37_chromosome,build_37_position,build_37_variant_allele,getev_report_url
ABCC11-G180R,ABCC11,This variant is associated with dry type ear wax (a benign trait) in a recessive manner.,Low,Uncertain,Benign,0.098,Other,Unknown,Heterozygous,14471313;16444273,rs17822931,,chr16,48258198,T,http://evidence.personalgenomes.org/genomes?display_genome_id=121b3603cad6230d1a89738c48606798dd7c4aaf&access_token=8fcd50e86b060b5c84cd7df09da9f45d
LPL-S474X,LPL,"This variant actually increases LPL enzyme activity despite creating a termination codon (see Rip J et al). It appears to be a protective variant, associated with lower triglyceride levels--although the effect is quite weak and explains only 0.5-1% of triglyceride variation.",Low,Uncertain,Protective,0.084,Metabolism,Unknown,Heterozygous,16574898;17463246;18193044;19802338;20429872;22042884,rs328,,chr8,19819724,G,http://evidence.personalgenomes.org/genomes?display_genome_id=5f01368373c6586c593659b148f4fee8058a5606
RNASEL-R462Q,RNASEL,"Associated with increased risk of prostate cancer in individuals who already have a family history of prostate cancer, but studies have been unable to replicate this finding in sporadic (non-familial) prostate cancer cases.",Low,Uncertain,Pathogenic,0.28,Cancer;Genital and urinary,Complex/Other,Heterozygous,11941539;12022038;12415269;17407163,rs486907,2,chr1,182554557,T,http://evidence.personalgenomes.org/genomes?display_genome_id=121b3603cad6230d1a89738c48606798dd7c4aaf&access_token=8fcd50e86b060b5c84cd7df09da9f45d
TAS2R38-I296V,TAS2R38,"This variant is associated with ""taster"" status of PTC, along with 49P and 262A. Due to linkage disequilibrium, the independent effects of positions 296 and 262 is unclear. The presence of 49P confers taster status in a dominant fashion, but in the absence of 49P, the presence of 262A/296V is still positively associated with tasting PTC.",Low,Uncertain,Benign,0.46,Other,Unknown,Heterozygous,12595690;20675712,rs10246939,,chr7,141672604,C,http://evidence.personalgenomes.org/genomes?display_genome_id=121b3603cad6230d1a89738c48606798dd7c4aaf&access_token=8fcd50e86b060b5c84cd7df09da9f45d
MTR-D919G,MTR,"This variant was weakly associated with a protective effect vs. colorectal cancer, but only in individuals with low alcohol consumption.


",Low,Uncertain,Protective,0.22,Cancer,Complex/Other,Homozygous,10498402;14744749;17417062;17855192,rs1805087,1,chr1,237048500,G,http://evidence.personalgenomes.org/genomes?display_genome_id=5f01368373c6586c593659b148f4fee8058a5606
MEFV-P369S,MEFV,"Weak evidence associating this with familial mediterranean fever, but there is a fairly high frequency of this allele. This variant might cause increased susceptibility to the disease but there is not enough evidence to be significant.",Low,Uncertain,Pathogenic,0.0051,Immune system,Recessive,Heterozygous,10090880;18097735,rs11466023,2,chr16,3299586,A,http://evidence.personalgenomes.org/genomes?display_genome_id=5f01368373c6586c593659b148f4fee8058a5606
TP53-P72R,TP53,"This is a common variant was first reported as a polymorphism. It has since had mixed associations with cancer: Storey et al. conclude a 7x *increased* risk of HPV cancer for homozygotes vs hets, but Jones et al. find a 1.98x *decreased* risk for colorectal cancer. This variant may have significant impact on particular cancers, but it is unclear what effect it has on the overall burden of cancer.",Low,Uncertain,Pathogenic,0.63,Cancer,Unknown,Homozygous,1975675;9607760;15355915;19837266;20615891;22184967,rs1042522,0,chr17,7579472,C,http://evidence.personalgenomes.org/genomes?display_genome_id=5f01368373c6586c593659b148f4fee8058a5606
MTRR-I49M,MTRR,"This common variant (HapMap allele frequency of 31.3%) in a protein involved in folate (B9) and cobalamin (B12) metabolism and is often reported as ""MTRR I22M"" (an alternative transcript position). Mothers homozygous for this variant are associated with having around a increased chance of a child with Down syndrome (risk of 0.4%, average risk in population is 0.25%). Notably, age plays a far larger role in the rate of Down syndrome (risk is 4.5% for a mother 45-years-of-age), and it is unknown how this variant may combine with the effect of age. There are conflicting reports associating this variant with incidence of neural tube defects, possibly when combined with MTHFR A222V.",Low,Likely,Pathogenic,0.45,Anatomical and congenital;Metabolism;Nervous system,Recessive,Heterozygous,10444342;10930360;11807890;12375236;15060097;15979034;17024475,rs1801394,1,chr5,7870973,G,http://evidence.personalgenomes.org/genomes?display_genome_id=121b3603cad6230d1a89738c48606798dd7c4aaf&access_token=8fcd50e86b060b5c84cd7df09da9f45d
TAS2R38-A49P,TAS2R38,"This variant is strongly associated with causing the ""taster"" phenotype of phenylthiocarbamine (PTC) in a dominant manner.",Low,Uncertain,Benign,0.43,Other,Unknown,Heterozygous,12595690;15883422;20675712,rs713598,,chr7,141673345,G,http://evidence.personalgenomes.org/genomes?display_genome_id=121b3603cad6230d1a89738c48606798dd7c4aaf&access_token=8fcd50e86b060b5c84cd7df09da9f45d
PCSK9-G670E,PCSK9,This variant is likely benign. ,Low,Uncertain,Benign,0.89,Other,Unknown,Homozygous,19351729,rs505151,,chr1,55529187,A,http://evidence.personalgenomes.org/genomes?display_genome_id=5f01368373c6586c593659b148f4fee8058a5606
MSR1-R293X,MSR1,"Associated with increased risk of Barrett's esophagus and/or esophageal cancer. Our very rough estimate is that the increased risk may be around 4x (25% risk of Barrett's esophagus, assuming population average is 5%, and 1.2% lifetime risk of esophageal cancer compared to average .4% risk).",Low,Likely,Pathogenic,0.0074,Cancer,Dominant,Heterozygous,12244320;12958598;21791690,rs41341748,2,chr8,16012594,A,http://evidence.personalgenomes.org/genomes?display_genome_id=5f01368373c6586c593659b148f4fee8058a5606
APOB-Y1422C,APOB,This position is almost certainly an error in the HG18 reference sequence. ,Low,Uncertain,Benign,1.0,Other,Unknown,Homozygous,,rs568413,,chr2,21235475,C,http://evidence.personalgenomes.org/genomes?display_genome_id=5f01368373c6586c593659b148f4fee8058a5606
FBN2-S2580L,FBN2,"Probably benign -- initially associated with congenital contractual arachnodactyly, but later reports classify it as a nonpathogenic polymorphism.",Low,Uncertain,Benign,0.078,Anatomical and congenital,Dominant,Heterozygous,9714438;10633129;16835936;17345643,rs2291628,,chr5,127609633,A,http://evidence.personalgenomes.org/genomes?display_genome_id=121b3603cad6230d1a89738c48606798dd7c4aaf&access_token=8fcd50e86b060b5c84cd7df09da9f45d
SLC45A2-L374F,SLC45A2,"Pigmentation allele for non-black hair, and consequently, possible increased susceptibility to malignant melanoma.",Low,Uncertain,Benign,0.69,Cancer,Unknown,Homozygous,15714523;17044855;18563784;18806926,rs16891982,,chr5,33951693,G,http://evidence.personalgenomes.org/genomes?display_genome_id=5f01368373c6586c593659b148f4fee8058a5606
LOXL1-R141L,LOXL1,"Associated with exfoliative glaucoma & syndrome (XFG & XFS) in various populations, but with contradicting results (protective in Caucasians, pathogenic in Japanese). Based on this it seems the variation itself -- although it affects protein structure -- is not itself causing disease. Instead it is likely associated with other nearby causal variants. As such, it is evaluated as benign by GET-Evidence (which focuses on reporting causal variants). See detailed variant report for disease risk associations.",Low,Uncertain,Benign,0.26,Hearing and vision,Complex/Other,Heterozygous,17690259;18450598;20142848,rs1048661,,chr15,74219546,T,http://evidence.personalgenomes.org/genomes?display_genome_id=5f01368373c6586c593659b148f4fee8058a5606
BRCA2-T1915M,BRCA2,Serrano-FernÃ¡ndez et al. found this variant to be associated with a modest (OR = 1.61) but significant (P = 0.0007) reduction in breast cancer risk.  ,Low,Uncertain,Protective,0.021,Cancer,Unknown,Heterozygous,19030985,rs4987117,,chr13,32914236,T,http://evidence.personalgenomes.org/genomes?display_genome_id=5f01368373c6586c593659b148f4fee8058a5606
TGIF1-P83Shift,TGIF1,"Severe variants in this gene are associated with holoprosencephaly disorders when combined with loss-of-function variants in SHH. Haploinsufficiency was identified in some families with this condition. It is unclear how likely this variant is to occur in combination with an SHH variant, or what phenotypic effect the variant would have on its own.",Low,Uncertain,Pathogenic,0.14,Nervous system,Complex/Other,Heterozygous,10556296,rs11571510,1,,,,http://evidence.personalgenomes.org/genomes?display_genome_id=121b3603cad6230d1a89738c48606798dd7c4aaf&access_token=8fcd50e86b060b5c84cd7df09da9f45d
MAPT-R370W,MAPT,Probably benign.,Low,Uncertain,Benign,0.16,Other,Unknown,Heterozygous,15365985,rs17651549,,chr17,44061278,T,http://evidence.personalgenomes.org/genomes?display_genome_id=121b3603cad6230d1a89738c48606798dd7c4aaf&access_token=8fcd50e86b060b5c84cd7df09da9f45d
GUCY2D-A52S,GUCY2D,"One publication suggested that this variant possibly causes Leber's congenital amaurosis in a recessive manner, but the frequency data (36% in 1000 genomes) contradicts any significant pathogenic effect.",Low,Uncertain,Benign,0.21,Hearing and vision,Recessive,Heterozygous,8944027,rs61749665,,chr17,7906519,T,http://evidence.personalgenomes.org/genomes?display_genome_id=121b3603cad6230d1a89738c48606798dd7c4aaf&access_token=8fcd50e86b060b5c84cd7df09da9f45d
PALB2-E672Q,PALB2,Probably benign.,Low,Uncertain,Benign,0.024,Other,Unknown,Heterozygous,17200668,rs45532440,,chr16,23641461,G,http://evidence.personalgenomes.org/genomes?display_genome_id=5f01368373c6586c593659b148f4fee8058a5606
CYP27A1-P384L,CYP27A1,"Probably not pathogenic. Although predicted to be disruptive and treated by some as pathogenic, reports of this variant in cases were all linked with an upstream frameshift variant -- this supports the variant as a nonpathogenic ancestral polymorphism.",Low,Uncertain,Benign,0.018,Other,Unknown,Heterozygous,"
7860076;10775536;16500955",rs41272687,,chr2,219678877,T,http://evidence.personalgenomes.org/genomes?display_genome_id=5f01368373c6586c593659b148f4fee8058a5606
TERT-A279T,TERT,Reported as a rare but probably nonpathogenic polymorphism occurring in controls as well as patients. Other defects in this gene are associated with telomere shortening which may cause aplastic anemia or dyskeratosis congenita.,Low,Uncertain,Benign,0.02,Blood,Unknown,Heterozygous,15814878;18931339,rs61748181,,chr5,1294166,T,http://evidence.personalgenomes.org/genomes?display_genome_id=121b3603cad6230d1a89738c48606798dd7c4aaf&access_token=8fcd50e86b060b5c84cd7df09da9f45d
FUT2-W154X,FUT2,"This recessive protective variant confers resistance to norovirus (which causes stomach flu). 20% of Caucasians and Africans are homozygous for this variant and are ""non-secretors"": they do not express ABO blood type antigens in their saliva or mucosal surfaces. Most strains of norovirus bind to these antigens in the gut, and so this non-secretor status confers almost total resistantance to most types of norovirus. There are notable exceptions, some strains of norovirus bind a different target and are equally infectious for secretors and non-secretors.",Moderate,Well-established,Protective,0.49,Blood;Immune system,Recessive,Homozygous,7876235;12692541;19625485;20031047;22025362,rs601338,5,chr19,49206674,A,http://evidence.personalgenomes.org/genomes?display_genome_id=5f01368373c6586c593659b148f4fee8058a5606
PMS2-P470S,PMS2,"Benign, common variant.",Low,Likely,Benign,0.37,Other,Unknown,Homozygous,15256438,rs1805321,,chr7,6026988,A,http://evidence.personalgenomes.org/genomes?display_genome_id=5f01368373c6586c593659b148f4fee8058a5606
SP110-L425S,SP110,"This variant is associated with a slightly increased risk of tuberculosis. It is unclear whether it is itself causal, or in linkage disequilibrium with some other causal variant that has a stronger effect.",Low,Uncertain,Pathogenic,0.86,Immune system,Unknown,Homozygous,16803959,rs3948464,1,chr2,231050715,G,http://evidence.personalgenomes.org/genomes?display_genome_id=5f01368373c6586c593659b148f4fee8058a5606
KCNJ11-K23E,KCNJ11,"This variant is associated with decreased risk of type 2 diabetes. It is unclear whether this variant has additive effects, or acts in a dominant or recessive manner. Assuming diabetes has a lifetime risk of 36%, we estimate a decreased risk of around 1-2% per copy of this variant.",Low,Likely,Protective,0.74,Metabolism,Unknown,Homozygous,17463246;17463248;20054294,rs5219,2,chr11,17409572,C,http://evidence.personalgenomes.org/genomes?display_genome_id=5f01368373c6586c593659b148f4fee8058a5606
TYR-S192Y,TYR,This variant is reported to affect skin pigmentation. It is associated with lighter skin in South Asians (OR 4-5) and with a lack of freckles in Europeans (OR 1.3).,Low,Uncertain,Benign,0.27,Skin,Unknown,Homozygous,17952075;17999355,rs1042602,,chr11,88911696,A,http://evidence.personalgenomes.org/genomes?display_genome_id=5f01368373c6586c593659b148f4fee8058a5606
C3-R102G,C3,"This variant (also called C3F) is common in Europeans (10.2% allele frequency), and is associated with age-related macular degeneration. In the US, 1.5% of adults over 40 have the disease, but the incidence increases strongly with age (>15% in women over 80). Assuming an average lifetime risk of ~10%, heterozygous individuals have a ~13% risk and homozygous have ~20%.",Moderate,Likely,Pathogenic,0.15,Hearing and vision,Complex/Other,Heterozygous,4427677;17634448,rs2230199,3,chr19,6718387,C,http://evidence.personalgenomes.org/genomes?display_genome_id=121b3603cad6230d1a89738c48606798dd7c4aaf&access_token=8fcd50e86b060b5c84cd7df09da9f45d
WFS1-R611H,WFS1,"This nonsynonymous SNP is associated with Wolfram Syndrome (known as DIDMOAD), which is characterized by early-onset non-autoimmune diabetes mellitus, diabetes insipidus, optic atrophy, and deafness) and to adult Type Two Diabetes Mellitus.  The WFS1 gene maps to chromosome 4p16.3.  The variant has been shown to be statistically associated with type II diabetes in six UK studies and one study of Ashkenazi Jews (Sandhu, M., et al., Minton et al.).",Low,Uncertain,Not Reviewed,0.4,Hearing and vision;Immune system;Metabolism,Recessive,Heterozygous,17603484;17719176;23257691,rs734312,1,chr4,6303354,A,http://evidence.personalgenomes.org/genomes?display_genome_id=5f01368373c6586c593659b148f4fee8058a5606
BRCA2-N372H,BRCA2,"This is a common variant of BRCA2 (HapMap allele frequency of 23%). The variant is weakly associated with an increased chance of breast cancer, and zygosity of the variant is associated with sex of children: male children are more likely to be homozygous for this variant, female children are more likely to be heterozygous.",Low,Uncertain,Pathogenic,0.24,Cancer,Recessive,Heterozygous,11062481;15235023,rs144848,2,chr13,32906729,C,http://evidence.personalgenomes.org/genomes?display_genome_id=121b3603cad6230d1a89738c48606798dd7c4aaf&access_token=8fcd50e86b060b5c84cd7df09da9f45d
DYX1C1-E417X,DYX1C1,"One study reports this variant to be associated with dyslexia. The study group was relatively small and so the results did not have strong significance. If they are representative this variant is associated with a doubled risk for dyslexia, but it is unclear whether the effect would be additive, dominant, or recessive.",Low,Uncertain,Pathogenic,0.2,Mental and behavioral,Unknown,Heterozygous,12954984,rs57809907,3,chr15,55722882,A,http://evidence.personalgenomes.org/genomes?display_genome_id=5f01368373c6586c593659b148f4fee8058a5606
GALT-N314D,GALT,"This variant has an allele frequency of ~8% and is ancestral to ""Duarte"" / ""Duarte 2"" and ""Duarte 1""/""Los Angeles"" galactosemia variants. This variant is evolutionarily ancestral, and in vitro studies fail to support an impact of this variant on enzyme activity. Carney et al. instead implicate a 4 base deletion on the 5' of the GALT gene as being causal and linked to this variant. Galactosemia is typically screened and detected in infants and causes early, severe but nonspecific symptoms (digestive problems, lethargy, failure to thrive).",Low,Uncertain,Benign,0.072,"Mouth, liver, and digestive",Unknown,Heterozygous,10408771;11261429;19224951,rs2070074,,chr9,34649442,G,http://evidence.personalgenomes.org/genomes?display_genome_id=5f01368373c6586c593659b148f4fee8058a5606
PRPH-D141Y,PRPH,"Hypothesized to cause ALS (or increased susceptibility) in a recessive manner, but this is based on a single observation and may lack statistical significance. The mutant protein appears to form abnormal aggregates.",High,Uncertain,Pathogenic,0.0037,Nervous system,Recessive,Heterozygous,15446584,rs58599399,4,chr12,49689404,T,http://evidence.personalgenomes.org/genomes?display_genome_id=121b3603cad6230d1a89738c48606798dd7c4aaf&access_token=8fcd50e86b060b5c84cd7df09da9f45d
MLH1-I219V,MLH1,"Computational evidence, functional assays, and case/control studies suggest this variant is probably benign.",Low,Uncertain,Benign,0.24,Other,Dominant,Homozygous,11781295;12810663;17074586;17510385;17870204;19863800;20301390;22631669,rs1799977,0,chr3,37053568,G,http://evidence.personalgenomes.org/genomes?display_genome_id=5f01368373c6586c593659b148f4fee8058a5606
CFTR-S1235R,CFTR,"Reported to cause mild dysfunction of the cystic fibrosis gene, it may result in cystic fibrosis when combined with more severe variants.",Moderate,Uncertain,Pathogenic,0.0053,Breathing;Metabolism,Recessive,Heterozygous,11186891;15987793,rs34911792,4,chr7,117267812,G,http://evidence.personalgenomes.org/genomes?display_genome_id=5f01368373c6586c593659b148f4fee8058a5606
RP1-N985Y,RP1,"Probably benign. One report linked this variant to high triglycerides, but a later paper found a nearby SNP with similar association and suggests that both findings are caused by linkage to an undiscovered causal variant.",Low,Uncertain,Benign,0.35,Metabolism,Unknown,Heterozygous,12764676;19364639,rs2293869,,chr8,55539395,T,http://evidence.personalgenomes.org/genomes?display_genome_id=5f01368373c6586c593659b148f4fee8058a5606
NPC1-H215R,NPC1,"This variant is associated with a reduced risk of obesity, with an additive effect of -0.084 BMI per allele (an average of 0.54 pounds less, per allele, in a 5'6"" individual).





",Low,Likely,Protective,0.3,Metabolism,Complex/Other,Homozygous,19151714;19174833;19910939,rs1805081,2,chr18,21140432,C,http://evidence.personalgenomes.org/genomes?display_genome_id=5f01368373c6586c593659b148f4fee8058a5606
IRS2-G1057D,IRS2,"a.k.a Gly1057Asp, insulin receptor substrate-2 IRS2. The rs1805097(G) allele is associated with the Gly, and the (A) allele with Asp. 
A longevity study concluded that rs1805097(A;A) individuals were about twice as likely to live over 85 y/o (odds ratio 2.03, CI:1.39-2.99, p = .0003). ",Low,Uncertain,Protective,0.23,Other,Unknown,Heterozygous,19887537,rs1805097,,chr13,110435231,T,http://evidence.personalgenomes.org/genomes?display_genome_id=5f01368373c6586c593659b148f4fee8058a5606
FLT4-N149D,FLT4,"Other severe variants in this gene are implicated in causing Milroy Disease (primary lymphedema) in a recessive manner. Although this variant is rare (2.3% allele frequency), it is still common enough that it is highly unlikely to have a severe, high penetrance pathogenic effect.",Low,Likely,Benign,0.073,Blood,Unknown,Heterozygous,11292664,rs34221241,,chr5,180057293,C,http://evidence.personalgenomes.org/genomes?display_genome_id=121b3603cad6230d1a89738c48606798dd7c4aaf&access_token=8fcd50e86b060b5c84cd7df09da9f45d
