Name,Position,Chromosome,Gene,Qualified Impact,Inheritance,Summary,Trait
rs1799945,26199158,6,HFE,"Low clinical importance, Uncertain pathogenic",recessive,"There have been some hypotheses that this variant contributes to causing hereditary hemachromatosis, possibly as a compound heterozygote, but some others treat it as a polymorphism. Cys282Tyr is the classic causal variant and itself has very low penetrance. Mouse studies indicates this variant has a similar but weaker effect; if it has any effect at all its penetrance may be quite low and/or require modifier alleles.",HFE-Associated Hereditary Hemochromatosis
rs56357060,94268627,1,ABCA4,Insufficiently evaluated pathogenic,recessive,"This variant was implicated in causing Stargardt Disease (progressive vision loss) in one family (in a screen of 150 with the disease), in a recessive manner. Other variants in this disease are associated with this disease but evidence supporting this particular variant is weak, possibly because this variant is very rare.","Stargardt Disease, Autosomal Recessive"
rs61750126,94278192,1,ABCA4,Insufficiently evaluated pathogenic,recessive,There is weak evidence for this variant being associated with Stargardt disease.,"Stargardt Disease, Autosomal Recessive"
rs1801581,94285153,1,ABCA4,"Low clinical importance, Uncertain benign",unknown,"This is a polymorphism in a gene associated with Stargardt disease. Although it has a slight detectable effect in functional study, it is common in control groups and is not believed to have any significant pathogenic effect.",""
rs17822931,46815699,16,ABCC11,"Low clinical importance, Uncertain benign",unknown,This variant is associated with dry type ear wax (a benign trait) in a recessive manner.,""
rs2238472,16159100,16,ABCC6,"Low clinical importance, Uncertain pharmacogenetic",unknown,This common polymorphism appears to not have a significant phenotypic impact. A few studies report weak but significant associations with plasma lipids (in Inuits) and thalidomide toxicity.,""
rs11555566,42688634,20,ADA,"Low clinical importance, Likely benign",recessive,"This variant has a 3.5% allele frequency in 1000 genomes data. Although OMIM links this to disease, the paper they reference uses in vitro data to conclude that this is a functionally neutral polymorphism.",""
rs73598374,42713641,20,ADA,"Low clinical importance, Likely benign",dominant,"This common variant is reported to reduce adenosine deaminase enzyme activity. It has been associated with an increased tendency for non-REM sleep -- more slow wave sleep, less nocturnal wakings, and a stronger negative impact of sleep deprivation. A role for this gene and variant was previously proposed for autism susceptibility, but this is controversial and was not replicated by later studies.",""
rs4961,2906707,4,ADD1,Insufficiently evaluated pathogenic,unknown,This variant is associated with salt-sensitivity in patients with hypertension.,""
rs2066702,100229017,4,ADH1B,Insufficiently evaluated protective,unknown,-,""
rs8069375,6272486,17,AIPL1,"High clinical importance, Uncertain pathogenic",recessive,This variant is reported causative for Leber Congenital Amaurosis IV.,AIPL1-Related Leber Congenital Amaurosis
rs203462,19753133,17,AKAP10,Insufficiently evaluated pathogenic,unknown,Susceptibility to cardiac conduction defect,""
rs671,112241766,12,ALDH2,Insufficiently evaluated pathogenic,unknown,-,""
rs72842957,7925204,17,ALOX12B,"Low clinical importance, Uncertain benign",other,"This variant was found heterozygously in autosomal recessive congenital ichthyosis in two Turkish siblings, although the second mutation was not found. Later, Lesueur et al. observe that this variant has a 4% frequency in their North African controls and is likely just a rare SNP.",""
rs17602729,115037580,1,AMPD1,"Low clinical importance, Likely pathogenic",recessive,"Causes Adenosine Deaminase Deficiency in a recessive manner. Most of the time individuals do not report symptoms, but when symptoms do exist they to be post-exercise symptoms of muscle weakness, muscle pain, and getting tired more quickly.",""
rs1800497,113270828,11,ANKK1,Insufficiently evaluated pathogenic,unknown,-,""
rs3135506,116662407,11,APOA5,"Low clinical importance, Likely pathogenic",unknown,"This variant, also known as APOA5*3, is associated with higher plasma triglyceride concentrations but no significant correlation with coronary artery disease itself has been found.",""
rs568413,21088980,2,APOB,"Low clinical importance, Uncertain benign",unknown,This position is almost certainly an error in the HG18 reference sequence.,""
rs429358,50103781,19,APOE,"High clinical importance,  pathogenic",other,"This is generally known as the ApoE4 allele of ApoE and is associated with increased risk of Alzheimer's. 20-25% of individuals are heterozygous for this variant, and 1-2% are homozygous. Data from Khachaturian et al. suggests an average 7% of all individuals developed Alzheimer's by the age of 80; when this is split by ApoE4 status: 10% of ApoE4 heterozygotes (3% increased attributable risk), 40% of ApoE4 homozygotes (33% increased attributable risk), and 5% of non-carriers (2% decreased attributable risk). Notably, their model suggests 70-75% of people would eventually develop Alzheimer's by the age of 100 regardless of ApoE4 genotype (and 25-30% are resistant, regardless of genotype), but that ApoE4 variants shift the disease onset to occur significantly earlier (4 years earlier for heterozygous carriers, 13 years for homozygotes).",""
rs28362692,30918183,7,AQP1,"Low clinical importance, Uncertain pharmacogenetic",other,Colton blood group polymorphism Co(b). This antigen system can sometimes be responsible for mild or moderate hemolytic transfusion reactions.,""
rs2071421,49411282,22,ARSA,"Low clinical importance,  benign",unknown,This common variant (HapMap 24.1% allele frequency) causes a loss of a glycosylation site (affecting the size of the protein when studied with gel electrophoresis) but does not affect enzyme activity or stability.,""
rs3807153,138068331,7,ATP6V0A4,Insufficiently evaluated pathogenic,recessive,"This was observed in a patient with distal renal tubular acidosis, but frequency in 1000 genomes and HapMap (7% and 12.5%) means this variant is likely benign.  Distal renal tubular acidosis occurs when the alpha intercalated cells of the cortical collecting duct fail to secrete acid, and consequently, the body retains such acid.  The acid retention in turn givew rise to symptoms such as hypokalemia, Urinary stone formation, nephrocalcinosis (deposition of calcium in the substance of the kidney), and bone demineralisation (causing rickets in children and osteomalacia in adults).",""
rs2273535,54394948,20,AURKA,Insufficiently evaluated pathogenic,unknown,The AURKA (STK15) 91T->A variant is preferentially amplified and linked to the degree of aneuploidy in colon tumors. The variant is a low-penetrance cancer susceptibility allele associated with multiple cancer types.,""
rs10516487,102751076,4,BANK1,Insufficiently evaluated pathogenic,unknown,-,""
rs4784677,56548501,16,BBS2,Insufficiently evaluated benign,unknown,-,""
rs1135062,50014584,19,BCAM,Insufficiently evaluated benign,unknown,Auberger blood group polymorphism,""
rs1050565,25600202,17,BLMH,Insufficiently evaluated pathogenic,unknown,"The exact function of BLMH, a cysteine protease of the papain superfamily, is unknown, but has been associated with increased risk of Alzheimer’s Disease (AD) in non-APOE4 individuals through a homozygous A->G nucleotide exchange. This variant increases the release of the proteolytic fragment, β-amyloid, in amyloid precursor proteins, which is a key event in the pathogenesis of AD. Case control studies studying the 1443V variant reported median prevalence for the A/A + A/G genotypes was 0.86. Increased AD risk with common G/G genotype was seen through higher frequency of the G/G phenotype among AD patients compared with control subjects. Increased risk for AD in individuals homozygous for the G allele confined it to non-APOE4 individuals. Although studies have found contradictory results, the potential important of this variant places it as a novel target for HD therapeutics.",""
rs1799950,38500007,17,BRCA1,"Low clinical importance, Uncertain benign",undefined,"One common variant associated this variant with an increased risk of breast cancer, but a more recent, larger study found no association.",BRCA1 and BRCA2 Hereditary Breast/Ovarian Cancer
rs144848,31804729,13,BRCA2,"Low clinical importance, Uncertain pathogenic",recessive,"This is a common variant of BRCA2 (HapMap allele frequency of 23%). The variant is weakly associated with an increased chance of breast cancer, and zygosity of the variant is associated with sex of children: male children are more likely to be homozygous for this variant, female children are more likely to be heterozygous.",""
rs4987117,31812236,13,BRCA2,"Low clinical importance, Uncertain protective",unknown,Serrano-Fernández et al. found this variant to be associated with a modest (OR = 1.61) but significant (P = 0.0007) reduction in breast cancer risk.,""
rs169547,31827387,13,BRCA2,Insufficiently evaluated benign,dominant,"The valine variant was associated with ovarian cancer in one patient, but was later reported as a benign polymorphism in the Yoruba population.",""
rs13078881,15686693,3,BTD,"Low clinical importance,  pathogenic",recessive,"This variant is implicated in partial and profound biotinidase deficiency. Alone, this variant is estimated to have a 52% loss of enzymatic activity. This variant is often found with A171T, and together they are reported to cause profound deficiency. Notably there is a report of asymptomatic double-mutant adults, so symptoms may have variable penetrance. This variant is found compound heterozygously with more serious mutations in cases of partial biotinidase deficiency.",Biotinidase Deficiency
rs17261572,119644657,X,C1GALT1C1,Insufficiently evaluated benign,unknown,This variant is likely a benign polymorphism.  Also found in one individual with Tn syndrome.,""
rs2230199,6669387,19,C3,"Moderate clinical importance, Likely pathogenic",other,"This variant (also called C3F) is common in Europeans (10.2% allele frequency), and is associated with age-related macular degeneration. In the US, 1.5% of adults over 40 have the disease, but the incidence increases strongly with age (>15% in women over 80). Assuming an average lifetime risk of ~10%, heterozygous individuals have a ~13% risk and homozygous have ~20%.",""
rs35889956,40467295,15,CAPN3,"Low clinical importance, Uncertain benign",undefined,"Probably benign -- this was implicated in Limb-girdle muscular dystrophy when homozygous (in a recessive manner), but the reports lacked statistical significance and a relatively high allele frequency (>1%) contradicts the hypothesis.","Limb-Girdle Muscular Dystrophies, Autosomal Recessive"
rs13010627,201782343,2,CASP10,"Low clinical importance, Likely protective",dominant,"Reported to have a protective effect on breast cancer. If the lifetime risk of breast cancer is 12%, women with this variant may have a lower risk of 8-9% (30% less than average).",""
rs3769824,201831201,2,CASP8,"Low clinical importance, Uncertain benign",unknown,"Probably benign. Although start codons can be extremely disruptive and this gene is implicated in a rare disease (autoimmune lymphoproliferative syndrome), the allele frequency for this variant (2-3%) is high enough to contradict such a strong pathogenic effect. This may be because the gene has many other transcripts that do not include this position as exonic.",""
rs1801725,123486447,3,CASR,Insufficiently evaluated benign,unknown,Associated with higher serum level of calcium.,""
rs3208856,49988646,19,CBLC,"Low clinical importance, Uncertain benign",unknown,Probably benign.,""
rs5742905,43356253,21,CBS,"High clinical importance, Likely pathogenic",recessive,This recessive mutation causes homocystinuria in a recessive manner and is found in patients responsive to pyridoxine treatment.,Homocystinuria Caused by Cystathionine Beta-Synthase Deficiency
rs1799864,46399208,3,CCR2,Insufficiently evaluated protective,unknown,Associated with slower HIV disease progression.,""
rs34763945,28857552,16,CD19,"Low clinical importance, Uncertain benign",unknown,Presumed benign.,""
rs1801270,36759949,6,CDKN1A,Insufficiently evaluated pathogenic,unknown,"Appears to be involved in tumor development, based on frequency of variant in tumor cell lines.",""
rs507329,87399646,16,CDT1,Insufficiently evaluated benign,unknown,-,""
rs5880,57015091,16,CETP,"Low clinical importance, Likely pathogenic",undefined,"This variant is associated with slightly lower HDL (good) cholesterol, although it has a negligible effect (around 2 mg/dl).",""
rs641153,32022159,6,CFB,"Moderate clinical importance, Likely protective",dominant,"This variant is associated with a significant protective effect -- individuals with this variant are about half as likely to have age-related macular degeneration. Appears to be an additive effect, with homozygotes having a stronger protective effect.",""
rs800292,194908856,1,CFH,"Low clinical importance, Likely protective",other,"Associated with a decreased risk for age related macular degeneration (ARMD). Homozygotes for this have a 4-5% decreased attributable risk (3-4% vs. average 8% risk), heterozygotes have slightly lower than average risk (7%). Non-carriers have an increased risk (12-13%). ARMD impairs sharp vision as age progresses. While there is no cure, treatment can slow progression of the disease and environmental factors (smoking and obesity) contribute to higher risk.",""
rs2297950,203194186,1,CHIT1,Insufficiently evaluated pathogenic,unknown,"Associated with reduced enzyme activity, chitotriosidase deficiency.",""
rs16969968,76669980,15,CHRNA5,Insufficiently evaluated pathogenic,unknown,Associated with early onset addiction to nicotine and with susceptibility to lung cancer.,""
rs2073711,63281265,15,CILP,Insufficiently evaluated pathogenic,unknown,Functional variant associated with lumbar disc disease (LDD) susceptibility in a study with Japanese subjects. A later study with two different ethnic cohorts suggests that this variant is not a major risk factor for LDD in Caucasians or in the general population.,""
rs3742207,110818598,13,COL4A1,"Low clinical importance, Likely pathogenic",dominant,"This common variant has been associated with arterial stiffness and, in Japanese, a small increased risk of myocardial infarction (MI, a.k.a. heart attack). This last observation supported a dominant effect for this variant and, assuming a lifetime risk of 15% for MI, we estimate carriers have an additional risk of 0.5-3%.",""
rs11553519,46228730,21,COL6A1,Insufficiently evaluated benign,dominant,"This variant was initially reported causative for Bethlem Myopathy after it was found in three individuals. Later studies find it with an allelic frequency of 0.01, however.",""
rs11903206,237909660,2,COL6A3,Insufficiently evaluated pathogenic,dominant,"This variant was found in a single Bethlem Myopathy patient in a screen for causative mutations, but there is insufficient data to evaluate significance. This disease is generally dominant; the presence of the mutation in public genomic sequences from two presumed-healthy individuals contradicts the putative pathogenic effect of this variant. Lack of controls means that significance cannot be established and allele frequency cannot be estimated.",Bethlem Myopathy
rs61734651,60921777,20,COL9A3,"Moderate clinical importance, Likely pathogenic",dominant,Carriers of this collagen variant are associated with having a significantly increased risk of lumbar disc disease (~11% total risk compared to a typical risk of 4%).,""
rs4680,18331271,22,COMT,Insufficiently evaluated benign,unknown,"A codominant allele affecting COMT enzyme activity, considered a benign functional polymorphism.",""
rs1064039,23566427,20,CST3,Insufficiently evaluated pathogenic,unknown,Associated with age-related macular degeneration and alzheimer's disease.,""
rs4541,143953695,8,CYP11B1,Insufficiently evaluated benign,recessive,"The variant has been reported causative for congenital adrenal hyperplasia, but a later report reclassifies it as a benign polymorphism after it was seen in one control.",""
rs1799853,96692037,10,CYP2C9,"Moderate clinical importance,  pharmacogenetic",unknown,"This variant, also called CYP2C9*2, is a pharmacogenetic variant that modulates sensitivity for Warfarin (due to reduced metabolism). This variant is associated with Caucasians. The FDA has approved reduced recommended Warfarin dosage based on the presence of this variant.",""
rs62272670,3475166,4,DOK7,"High clinical importance, Uncertain pathogenic",recessive,"This variant was seen as a compound heterozygote (with either P376PfsX30 or P469H) in two individuals with congenital myasthenic syndromes (out of a screen of 200). Other mutations in this gene are associated with the syndrome, but there are insufficient controls to establish this variant in particular as significant.",Congenital Myasthenic Syndromes
rs1801028,113283484,11,DRD2,"Low clinical importance, Likely pathogenic",dominant,"Various studies report this variant in a dopamine receptor is associated with increased risk for schizophrenia. Assuming an average 1% chance of schizophrenia in the general population, combined data suggests carriers of this variant have a risk of 1.4% (0.4% increased risk above average).",""
rs28763967,7526031,6,DSP,"Low clinical importance, Uncertain benign",unknown,Probably benign / nonpathogenic.,""
rs36094464,88752564,4,DSPP,"Low clinical importance, Uncertain benign",unknown,"Probably benign. One report linked this to causing dentinogenesis Imperfecta type II in a large Swedish family, but subsequent publications have observed this is a common variant and conclude it is a nonpathogenic polymorphism.",""
rs17470454,15631427,6,DTNBP1,"Low clinical importance, Uncertain protective",recessive,Possibly a slight protective effect against colorectal cancer if homozygous.,""
rs3827760,108880033,2,EDAR,"Low clinical importance, Uncertain benign",unknown,"Associated with thicker hair, common in Chinese and Japanese individuals and thought to be Asian-specific.",""
rs5370,12404241,6,EDN1,Insufficiently evaluated pathogenic,unknown,Associated with lower HDL cholesterol levels in women.,""
rs4792311,12855734,17,ELAC2,"Low clinical importance, Uncertain pathogenic",other,"Reported to be associated with increased susceptibility to prostate cancer, but later studies weaken the hypothesis. Xu et al.'s meta-analysis concludes that there is a small but significant increased risk (OR = 1.13). Assuming a lifetime risk of 16% for prostate cancer we calculate this leads to an increased risk of ~1.5% (17.5% total).",Prostate cancer
rs2228527,50348375,10,ERCC6,"Low clinical importance, Uncertain pathogenic",recessive,"When homozygous, this variant may cause Cockayne Syndrome, which is a severe autosomal-recessive disorder characterized by abnormal early growth and development, abnormal sensitivity to sunlight, and premature aging. Cockayne Syndrome Type I and Type II lead to death in early childhood. Several other variants in the ERCC6 gene are linked to Cockayne Syndrome. This variant may also be linked to age-related macular degeneration like other ERCC6 variants, and has been linked to colorectal cancer in one study.",""
rs35953626,5806425,4,EVC,"Low clinical importance, Likely benign",other,"Probably benign. Implicated in causing Ellis-van Creveld Syndrome in a dominant manner (despite the disease typically being recessive), but the high allele frequency of this variant (7.8% in GET-Evidence data) strongly contradicts any severe pathogenic effect.",Ellis-van Creveld Syndrome
rs6027,167750185,1,F5,"Low clinical importance, Uncertain benign",undefined,"Other mutations in this gene are associated with Factor 5 deficiency. There is no literature implicating this variant, however, and it is fairly common in the population (3.8% in HapMap), and so it is currently labeled as benign.",""
rs6033,167788477,1,F5,"Low clinical importance, Uncertain benign",unknown,Presumed benign. This variant is not particularly rare and has not been reported to cause disease.,""
rs17233497,88342653,16,FANCA,"Low clinical importance, Uncertain benign",undefined,"Probably benign. One report hypothesized this variant causing Fanconi Anemia, but the allele frequency (3-7%) is high enough to contradict a highly penetrant pathogenic effect. Later authors have concluded this is a polymorphism, not pathogenic.",Fanconi Anemia
rs35782247,10089689,3,FANCD2,Insufficiently evaluated pathogenic,recessive,"This variant was found in two African American siblings as part of a compound heterozgyote (with R253X) with Fanconi Anemia D2, but a lack of information on the variant allele frequency in controls means significance cannot be assessed.",""
rs17885240,35065022,9,FANCG,"Low clinical importance, Uncertain pathogenic",dominant,"Rare polymorphism. Hypothesized to increase susceptibility to childhood acute myeloid leukemia, but the numbers in the study failed to have statistical significance.",""
rs2291628,127637532,5,FBN2,"Low clinical importance, Uncertain benign",dominant,"Probably benign -- initially associated with congenital contractual arachnodactyly, but later reports classify it as a nonpathogenic polymorphism.",Congenital Contractural Arachnodactyly
rs34006675,107406320,9,FKTN,Insufficiently evaluated pathogenic,recessive,This variant was found as a compound heterozygote with a 473-bp deletion in a Spanish individual with Walker-Warburg syndrome,""
rs57108893,153236201,X,FLNA,Insufficiently evaluated pathogenic,dominant,Associated with periventricular nodular heterotopia in a sporadic female case.,"Periventricular Heterotopia, X-Linked"
rs1736557,169346704,1,FMO3,"Low clinical importance, Uncertain benign",unknown,"This common variant (HapMap allele frequency of 9.2%) appears to have no functional effect. OMIM has recorded it as having been seen homozygously in an individual with Trimethylaminuria, but Treacy et al. 1998 conclude it is a polymorphism.",""
rs601338,53898486,19,FUT2,"Moderate clinical importance,  protective",recessive,"This recessive protective variant confers resistance to norovirus (which causes stomach flu). 20% of Caucasians and Africans are homozygous for this variant and are ""non-secretors"": they do not express ABO blood type antigens in their saliva or mucosal surfaces. Most strains of norovirus bind to these antigens in the gut, and so this non-secretor status confers almost total resistantance to most types of norovirus. There are notable exceptions, some strains of norovirus bind a different target and are equally infectious for secretors and non-secretors.",""
rs1800309,75701636,17,GAA,"Low clinical importance, Uncertain benign",other,This is also known as the GAA*4 allozyme is frequent in the Asian population and appears to have somewhat reduced enzyme activity. Kroos et al. rule out pathogenic effect.,""
rs1126642,40344589,17,GFAP,"Low clinical importance, Uncertain benign",unknown,Reported as a nonpathogenic polymorphism.,""
rs4684677,10328453,3,GHRL,"Low clinical importance, Uncertain benign",unknown,"Initially thought to be associated with obesity, but follow-up comparisons found no enrichment in combined data. Polyphen 2 predicts a damaging effect.",""
rs72474224,19661612,13,GJB2,Insufficiently evaluated pathogenic,recessive,This recessive variant is associated with mild hearing loss in Asians.,"Nonsyndromic Hearing Loss and Deafness, Autosomal Recessive"
rs2274084,19661642,13,GJB2,"Low clinical importance, Uncertain benign",unknown,Probable non-pathogenic; other variants in gene associated with hearing loss.,""
rs1042391,16398740,6,GMPR,Insufficiently evaluated benign,unknown,-,""
rs61749665,7847244,17,GUCY2D,"Low clinical importance, Uncertain benign",recessive,"One publication suggested that this variant possibly causes Leber's congenital amaurosis in a recessive manner, but the frequency data (36% in 1000 genomes) contradicts any significant pathogenic effect.",""
rs34598902,7856637,17,GUCY2D,Insufficiently evaluated pathogenic,recessive,"Although other variants in this gene have been implicated in causing Leber Congenital Amaurosis, Vallespin et al. observe that this variant has a frequency in control population is not significantly different from that in patients. They conclude that this is likely a benign polymorphism and not disease-causing, but it's possible it has a modifier effect that increases susceptibility to the disease.",Leber Congenital Amaurosis
rs6688832,9246497,1,H6PD,"Low clinical importance, Uncertain pathogenic",recessive,"This common variant may have a small pathogenic effect by contributing to cortisone reductase deficiency (a rare abnormality) when homozygous and combined with a serious pathogenic variant. The same authors have tested and ruled out a contribution to polycystic ovary syndrome (similar phenotype, more common disease).",""
rs334,5204808,11,HBB,"High clinical importance,  pathogenic",recessive,"HB-S variant responsible for causing Sickle Cell Disease when homozygous (residue count follows p.HBB). This is often also referred to as E6V, referring to the position of the amino acid in the final protein product (the first amino acid is removed after translation). Heterozygotes have Sickle Cell Trait.",""
rs6831595,84595767,4,HELQ,Insufficiently evaluated benign,unknown,-,""
rs11556045,74020971,5,HEXB,Insufficiently evaluated benign,unknown,-,""
rs1800562,26201120,6,HFE,"Low clinical importance,  pathogenic",recessive,"This variant is associated with hereditary haemochromatosis, 80% of patients with that disease are homozygous for this variant. However, the penetrance is low, in Beutler et al. they note that only 1 of their 158 homozygotes met criteria for diagnosis with the condition.",""
rs7014851,22032655,8,HR,"Low clinical importance, Uncertain benign",recessive,"Probably benign. One study implicated it in causing alopecia universalis, but a later report noted the variant has an allele frequency inconsistent with the rarity of that disease.",Alopecia Universalis
rs6897932,35874575,5,IL7R,"Low clinical importance, Likely protective",undefined,"The reference genome variant for this allele has been associated with a slight increased risk of multiple sclerosis. Thus, this variant can be treated as a ""protective"" variant -- carriers of this variant are slightly less likely to have MS. Because the disease is rare and the effect of this variant is not very strong, the absolute decreased risk for carriers of this variant is less than .05% (less than 1 in 2000).",""
rs1127354,3141842,20,ITPA,"Low clinical importance,  pharmacogenetic",recessive,"This variant is associated with inosine triphosphate pyrophosphohydrolase deficiency and may be associated with an adverse reaction to thiopurine drugs (which are used as immunosuppressants). Homozygotes have no detectable ITPase activity, individuals compound heterozygous with another less severe mutation also have severely reduced enzyme activity.",""
rs5219,17366148,11,KCNJ11,"Low clinical importance, Likely protective",unknown,"This variant is associated with decreased risk of type 2 diabetes. It is unclear whether this variant has additive effects, or acts in a dominant or recessive manner. Assuming diabetes has a lifetime risk of 36%, we estimate a decreased risk of around 1-2% per copy of this variant.",""
rs8176058,142365130,7,KEL,"Low clinical importance, Uncertain benign",dominant,This variant is also known as Kell or K1 or K (capitalized) in the Kell antigen system. K1-negative mothers (carrying no copies of this variant) carrying K1-positive fetuses (heterozygous or homozygous) are at risk for hemolytic disease of the newborn. About 9% of caucasians carry one or two copies of K1.,""
rs59780231,36993050,17,KRT14,Insufficiently evaluated benign,dominant,"Found in one Taiwanese individual with Epidermolysis bullosa simplex (onset 4-5yo), but later reported with a control allelic frequency of 0.11.",""
rs11170164,51199935,12,KRT5,"Low clinical importance, Likely pathogenic",undefined,"This variant is associated with 1.25x increased risk of basal cell carcinoma (common skin cancer, rarely malignant).",""
rs61630004,51047224,12,KRT85,"Low clinical importance, Uncertain benign",recessive,"Presumed benign. Although this variant was implicated in causing ectodermal dysplasia in a recessive manner in two Pakistani families (one of which was large and consanguineous), GET-Evidence reports that the variant has been seen in 5 out of 114 random control chromosomes. This strongly contradicts a severe pathogenic effect.",""
rs41291058,25762834,1,LDLRAP1,Insufficiently evaluated pathogenic,recessive,"This variant was seen in a homozygous fashion in siblings with familial hypercholesterolemia who also had a frameshift mutation in the same gene. Hubacek et al. studied the frequency of this variant in high and low cholesterol groups and conclude that this variant has little effect, if any, on cholesterol levels.",""
rs1805389,108863609,13,LIG4,"Low clinical importance, Uncertain protective",dominant,One report has associated this with a decreased risk of multiple myeloma.,""
rs1800449,121441107,5,LOX,Insufficiently evaluated benign,unknown,-,""
rs1048661,72006599,15,LOXL1,"Low clinical importance, Uncertain benign",other,"Associated with exfoliative glaucoma & syndrome (XFG & XFS) in various populations, but with contradicting results (protective in Caucasians, pathogenic in Japanese). Based on this it seems the variation itself -- although it affects protein structure -- is not itself causing disease. Instead it is likely associated with other nearby causal variants. As such, it is evaluated as benign by GET-Evidence (which focuses on reporting causal variants). See detailed variant report for disease risk associations.",""
rs3798220,160961137,6,LPA,Insufficiently evaluated pathogenic,unknown,"This variant strongly associated with an increase in Lp(a) lipoprotein levels, associated with an increased risk of coronary disease in a dominant or incomplete dominant manner.  This variant is also referred to as I4399M in literature; this discrepancy is due to a highly variable number of kringle repeats in the protein (2-43), our version for inferring amino acid changes from genetic variants uses an assembly with 15 copies.",""
rs3736228,67957871,11,LRP5,"Low clinical importance, Uncertain pathogenic",other,"In a study of a UK population this variant was associated with a small increased risk of osteoporosis and osteoporotic bone fractures, with each copy of the variant presumed to have an additive effect. A study in Chinese young men failed to find an association with peak bone density.",""
rs17651549,41417115,17,MAPT,"Low clinical importance, Uncertain benign",unknown,Probably benign.,""
rs1800451,54201232,10,MBL2,Insufficiently evaluated pathogenic,recessive,"This variant is associated with mannose binding protein deficiency which leads to impaired complement system immune response to mannose-rich pathogens. The wild-type version of this gene is known as variant allele A, while this is called variant allele C. See R52C (variant D) and G54D (variant B).",Mannose-Binding Lectin Deficiency
rs1800450,54201241,10,MBL2,"Low clinical importance, Likely pathogenic",recessive,"This variant is associated with mannose binding protein deficiency which leads to impaired complement system immune response to mannose-rich pathogens. Patients homozygous for this allele or compound heterozygous are likely to have increased susceptibility to infection, but Hellemann et al. report heterosis for intensive care outcomes in heterozygous subjects. The wild-type version of this gene is known as variant allele A, while this is called variant allele B. See R52C (variant D) and G57E (variant C).",Mannose-Binding Lectin Deficiency
rs5030737,54201248,10,MBL2,"Low clinical importance, Likely pathogenic",recessive,"This variant is associated with mannose binding protein deficiency which leads to impaired complement system immune response to mannose-rich pathogens. Patients homozygous for this allele or compound heterozygous are likely to have increased susceptibility to infection, but Hellemann et al. report heterosis for intensive care outcomes in heterozygous subjects. The wild-type version of this gene is known as variant allele A, while this is called variant allele D. See G54D (variant B) and G57E (variant C).",Mannose-Binding Lectin Deficiency
rs2229616,56190256,18,MC4R,"Low clinical importance, Uncertain protective",unknown,"This variant was associated with a reduced incidence of obesity in a large meta-analysis of more than 55,000 individuals.",""
rs11466024,3239469,16,MEFV,"Low clinical importance, Uncertain pathogenic",recessive,"This variant is associated with Familial Mediterranean Fever, it has generally been reported in cis with other variants. Sugiura et al. conclude that this variant may be weakly involved with the disease.",Familial Mediterranean Fever
rs11466023,3239587,16,MEFV,"Low clinical importance, Uncertain pathogenic",recessive,"Weak evidence associating this with familial mediterranean fever, but there is a fairly high frequency of this allele. This variant might cause increased susceptibility to the disease but there is not enough evidence to be significant.",Familial Mediterranean Fever
rs3743930,3244627,16,MEFV,"Moderate clinical importance, Uncertain pathogenic",recessive,"Some reports believe this cause Familial Mediterranean Fever in a recessive manner with reduced penetrance (i.e. not all get the disease). However, these reports lack strong statistical significance; other studies argue the variant is not associated with the disease.",Familial Mediterranean Fever
rs2308317,37053550,3,MLH1,Insufficiently evaluated benign,dominant,"Found segregating with non-polyposis colorectal cancer in a Portuguese family, but three later studies label it non-pathogenic.",""
rs28756990,74583891,14,MLH3,Insufficiently evaluated pathogenic,other,This variant is implicated in various familial cancers.,""
rs12731981,43576927,1,MPL,Insufficiently evaluated benign,unknown,"A study in 2001 reported an association with Congenital Amegakaryocytic Thrombocytopenia, but a report in 2009 reclassified it as a benign polymorphism.",""
rs558018,95209096,11,MTMR2,Insufficiently evaluated pathogenic,recessive,"This variant, present in all versions, was found in one patient with autosomal recessive Charcot-Marie-Tooth type 4B, but the compounding variant was not found.",Charcot-Marie-Tooth Neuropathy Type 4
rs1805087,237048500,1,MTR,"Low clinical importance, Uncertain protective",other,"This variant was weakly associated with a protective effect vs. colorectal cancer, but only in individuals with low alcohol consumption.",""
rs1801394,7923973,5,MTRR,"Low clinical importance, Likely pathogenic",recessive,"This common variant (HapMap allele frequency of 31.3%) in a protein involved in folate (B9) and cobalamin (B12) metabolism and is often reported as ""MTRR I22M"" (an alternative transcript position). Mothers homozygous for this variant are associated with having around a increased chance of a child with Down syndrome (risk of 0.4%, average risk in population is 0.25%). Notably, age plays a far larger role in the rate of Down syndrome (risk is 4.5% for a mother 45-years-of-age), and it is unknown how this variant may combine with the effect of age. There are conflicting reports associating this variant with incidence of neural tube defects, possibly when combined with MTHFR A222V.",""
rs17029215,100521805,4,MTTP,Insufficiently evaluated benign,recessive,This variant was found in an individual with familial hypobetalipoproteinemia as part of a compound heterozygote with G661A and with a background of homozygosity for ApoE2.,""
rs35142681,112489310,9,MUSK,"Low clinical importance, Uncertain benign",unknown,Probably benign.,""
rs3729986,47328174,11,MYBPC3,Insufficiently evaluated benign,unknown,Cardiogenomics database lists this as a benign polymorphism.,""
rs86312,37949759,17,NAGLU,Insufficiently evaluated benign,recessive,-,""
rs196863,24831447,8,NEFM,Insufficiently evaluated pathogenic,other,"This variant was implicated as a susceptibility factor for Parkinson's Disease, but asymptomatic individuals point to it having a very low OR.",""
rs8192556,182542998,2,NEUROD1,"Low clinical importance, Uncertain benign",undefined,"Tentatively presumed benign. Other disruptive mutations in this gene have been reported to cause type 2 diabetes in a dominant manner, but this was found in a PGP participant who does not report having the disease.",""
rs2066844,49303427,16,NOD2,"Low clinical importance, Likely pathogenic",other,"NOD2 encodes a protein involved in bacterial recognition. This variant is associated with Crohn's disease in European populations, but not in Korean or Japanese groups.",Crohn Disease
rs1805081,21140432,18,NPC1,"Low clinical importance, Likely protective",other,"This variant is associated with a reduced risk of obesity, with an additive effect of -0.084 BMI per allele (an average of 0.54 pounds less, per allele, in a 5'6"" individual).",""
rs6336,155115542,1,NTRK1,"Low clinical importance, Uncertain benign",unknown,"Various databases and papers treat this variant as a non-pathogenic polymorphism, although it is fairly uncommon and is computational methods predict it to be damaging.",""
rs6339,155115570,1,NTRK1,"Low clinical importance, Uncertain benign",unknown,"Also called G607V, this variant has been reported as a nonpathogenic polymorphism.",""
rs1800401,25933648,15,OCA2,"Low clinical importance, Likely benign",unknown,"This variant is associated with eye color, as is OCA2 Arg419Gln. Individuals with this variant are more likely to have brown/black eyes (as opposed to blue/gray or green/hazel). Other variants in this gene are associated with oculocutaneous albinism (albinism which involves skin and eyes).",""
rs28939689,13218772,10,OPTN,"Low clinical importance, Uncertain benign",dominant,"Originally, the variant was believed to be associated with adult-onset primary open angle glaucoma (POAG) and normal tension glaucoma (NTG) after it was found in three individuals in a 2002 study. An additional study in 2005 observed the variant in 6 POAG patients. Further investigation, however, has found the variant to be a non-disease causing polymorphism.",""
rs1800321,38226603,X,OTC,Insufficiently evaluated benign,unknown,-,""
rs55654276,162622239,6,PARK2,Insufficiently evaluated pathogenic,recessive,This variant was implicated in Parkinson's Disease in two individuals.,Parkin Type of Juvenile Parkinson Disease
rs67608943,55284810,1,PCSK9,"Moderate clinical importance,  protective",dominant,This rare protective variant is found in African Americans and is associated with a greatly decreased risk of coronary heart disease (~80-90% lower risk than average) and with a 30-40% reduction in LDL levels.,""
rs505151,55301775,1,PCSK9,"Low clinical importance, Uncertain benign",unknown,This variant is likely benign.,""
rs668,59804699,17,PECAM1,"Low clinical importance, Likely pharmacogenetic",other,Mismatched genotypes in this variant between donor and recipient is associated with causing graft vs. host disease in bone marrow transplants.,""
rs35996821,91970429,7,PEX1,"High clinical importance, Uncertain pathogenic",recessive,"Reported as a mutation causing peroxisome biogenesis disorder in a single patient, presumably in a recessive manner.",""
rs28938169,13340236,10,PHYH,"Low clinical importance, Uncertain benign",undefined,"Probably benign. This variant was implicated as causing Refsum Disease in a recessive manner, but a subsequent publication noted that all instances were linked with other explanatory mutations. The high allele frequency of this variant in the population (7-13%) contradicts a pathogenic hypothesis.",Refsum Disease
rs291102,207106478,1,PIGR,"Low clinical importance, Likely pathogenic",other,"In a Japanese study, this variant was associated with an increased risk for immunoglobulin A nephropathy (IgAN), a rare disease. The chances of having this disease, even with this variant, is less than 0.1%.",""
rs13337123,2092866,16,PKD1,Insufficiently evaluated pathogenic,dominant,This variant was found in three unrelated cases of polycystic kidney disease.,""
rs34548196,51592185,6,PKHD1,"Low clinical importance, Likely benign",unknown,"Probably benign, reported as a nonpathogenic polymorphism found in controls.",""
rs1046116,32913201,12,PKP2,"Low clinical importance, Uncertain benign",unknown,This variant is a benign polymorphism.,""
rs16874954,46785057,6,PLA2G7,Insufficiently evaluated pathogenic,recessive,This variant causes PAF acetylhydrolase deficiency and affects 4% of Japanese. It is associated with heightened risk of stroke and asthma and lower risk for cardiovascular disease.,""
rs1805321,5993514,7,PMS2,"Low clinical importance, Likely benign",unknown,"Benign, common variant.",""
rs3087374,87660998,15,POLG,"Low clinical importance, Uncertain pathogenic",other,"Generally a nonpathogenic polymorphism, but may have a modifier effect that increases severity when combined in cis with other pathogenic variants.",""
rs1801282,12393125,3,PPARG,"Moderate clinical importance, Uncertain not reviewed",undefined,-,Diabetes Mellitus with Acanthosis Nigricans and Hypertension
rs35418374,72030654,10,PRF1,"Low clinical importance, Uncertain pathogenic",dominant,"This rare variant was reported seen in an individual with acquired aplastic anemia, but the frequency of this allele in controls indicates is no different from the cases, indicating this is likely a polymorphism without dramatic functional effect.",Aplastic Anemia
rs2230500,60993992,14,PRKCH,Insufficiently evaluated pathogenic,unknown,-,""
rs1799990,4628251,20,PRNP,"Low clinical importance,  protective",other,"This variant is associated with some protective effects for prion disease -- individuals homozygous for this variant are less susceptible to Creutzfeldt-Jakob, and Papua New Guinea individuals heterozygotes at this site are less susceptible to kuru.",""
rs2904552,17285964,22,PRODH,Insufficiently evaluated pathogenic,recessive,This variant is associated with type I hyperprolinemia and leads to a reduction of POX activity to 60% of wildtype.,"Hyperprolinemia, Type I"
rs357564,97249415,9,PTCH1,"Low clinical importance, Uncertain benign",unknown,"Common polymorphism, presumed benign.",""
rs16879498,49688206,6,RHAG,Insufficiently evaluated pathogenic,recessive,This variant was found as a compound heterozygote (with G280R) in a Japanese individual with Rhnull disorder.,""
rs486907,180821180,1,RNASEL,"Low clinical importance, Uncertain pathogenic",other,"Associated with increased risk of prostate cancer in individuals who already have a family history of prostate cancer, but studies have been unable to replicate this finding in sporadic (non-familial) prostate cancer cases.",""
rs2293869,55701948,8,RP1,"Low clinical importance, Uncertain benign",undefined,"Probably benign. One report linked this variant to high triglycerides, but a later paper found a nearby SNP with similar association and suggests that both findings are caused by linkage to an undiscovered causal variant.",""
rs10151259,21790040,14,RPGRIP1,"Low clinical importance, Uncertain benign",other,"Probably benign. Implicated in causing autosomal recessive cone-rod dystrophy, but a later report found the same incidence in controls and concludes it is not causal.",""
rs41315858,235844705,1,RYR2,"High clinical importance, Uncertain pathogenic",recessive,"Reported to cause arrhythmogenic right ventricular cardiomyopathy when compound heterozygous with G1886S, although this finding is weakened after correcting for multiple hypotheses and it is unclear what penetrance such a genotype might have, if it is causal.",""
rs3766871,237778084,1,RYR2,"High clinical importance, Uncertain pathogenic",recessive,"Reported to cause arrhythmogenic right ventricular cardiomyopathy when compound heterozygous with G1885E, although this finding is weakened after correcting for multiple hypotheses and it is unclear what penetrance such a genotype might have, if it is causal.",""
rs6746030,167099158,2,SCN9A,Insufficiently evaluated benign,dominant,"The Trp variant was initially reported causative in a sporadic case of primary erythermalgia, but it was later determined to be a benign polymorphism.",""
rs17580,93917015,14,SERPINA1,"Low clinical importance,  pathogenic",recessive,"This variant represents the PiS variant in alpha-1-antitrypsin deficiency where a homozygous individual has 60% enzymatic activity. This variant alone is unlikely to much effect, but 3-4% of heterozygotes are compound heterozygous with the more severe PiZ variant, which is associated with an increased risk of emphysema and COPD.",""
rs16891982,33951693,5,SLC45A2,"Low clinical importance, Uncertain benign",unknown,"Pigmentation allele for non-black hair, and consequently, possible increased susceptibility to malignant melanoma.",Skin pigmentation
rs26722,33963870,5,SLC45A2,"Low clinical importance, Likely benign",unknown,Pigmentation allele for black hair in Caucasian population.,""
rs3948464,230758959,2,SP110,"Low clinical importance, Uncertain pathogenic",undefined,"This variant is associated with a slightly increased risk of tuberculosis. It is unclear whether it is itself causal, or in linkage disequilibrium with some other causal variant that has a stronger effect.",""
rs35948326,156891152,1,SPTA1,"Low clinical importance, Uncertain benign",undefined,"This variant, also called alpha-IIa, has been seen frequently in individuals with recessive Hereditary spherocytosis. This appears to be the result of linkage to alpha-LEPRA (a C>T substitution at position -99 of intron 30); A970D is later reported as functionally neutral.",""
rs10246939,141319073,7,TAS2R38,"Low clinical importance, Uncertain benign",unknown,"This variant is associated with ""taster"" status of PTC, along with 49P and 262A. Due to linkage disequilibrium, the independent effects of positions 296 and 262 is unclear. The presence of 49P confers taster status in a dominant fashion, but in the absence of 49P, the presence of 262A/296V is still positively associated with tasting PTC.",""
rs713598,141319814,7,TAS2R38,"Low clinical importance, Uncertain benign",unknown,"This variant is strongly associated with causing the ""taster"" phenotype of phenylthiocarbamine (PTC) in a dominant manner.",""
rs36027301,67565844,11,TCIRG1,"Low clinical importance, Uncertain benign",unknown,"Probably benign. One publication implicates the variant in causing osteopetrosis, but this is contradicted by the relatively high allele frequency for the variant in Caucasians (5%, 1 in 400 homozygous) while that disease is extremely rare (1 in 250,000).",""
rs1800471,46550716,19,TGFB1,"Low clinical importance, Uncertain pathogenic",other,"This variant in a growth factor gene is associated with variation in TGFB1 levels; this has been associated with various pathogenic and some protective effects, including: more hepatic fibrosis progression in hep C patients, lower risk of cleft palate, anticorrelation with longevity, higher risk of myocardial infarction and lower risk of hypertension.",""
rs5744168,221351823,1,TLR5,"Low clinical importance, Uncertain pathogenic",other,"This variant is believed to impair the ability to generate an immune response to the flagella of the bacteria. It is weakly associated with an increased incidence of Legionnaires' Disease, p = 0.085, increased lifetime risk of disease ~0.88% (about twice average). The variant is also weakly associated with a reduced incidence of systemic lupus erythematosus, p = 0.165.",""
rs1801968,131620722,9,TOR1A,"Low clinical importance, Likely protective",unknown,This SNP has been shown to be benign and play a protective role against Dystonia.,Early-Onset Primary Dystonia (DYT1)
rs1042522,7520197,17,TP53,"Low clinical importance, Uncertain pathogenic",unknown,"This is a common variant was first reported as a polymorphism. It has since had mixed associations with cancer: Storey et al. conclude a 7x *increased* risk of HPV cancer for homozygotes vs hets, but Jones et al. find a 1.98x *decreased* risk for colorectal cancer. This variant may have significant impact on particular cancers, but it is unclear what effect it has on the overall burden of cancer.",""
rs35264875,68602975,11,TPCN2,Insufficiently evaluated benign,unknown,-,""
rs3829241,68611939,11,TPCN2,"Low clinical importance, Uncertain benign",undefined,Pigmentation allele.,""
rs1042602,88551344,11,TYR,"Low clinical importance, Uncertain benign",unknown,This variant is reported to affect skin pigmentation. It is associated with lighter skin in South Asians (OR 4-5) and with a lack of freckles in Europeans (OR 1.3).,""
rs1126809,88657609,11,TYR,"Low clinical importance,  benign",other,"This is a frequent pigmentation polymorphism in Europeans that affects function of the Tyrosinase gene. It is associated with blue instead of green eyes and sun sensitivity. For the most part this variant is benign, but many individuals with ocular albinism (which affects only the eyes) carry this variant along with another more severe variant in the same gene.",""
rs9904366,71350921,17,UNC13D,"Low clinical importance, Uncertain benign",unknown,"Probably benign. This variant was reported to cause haemophagocytic lymphohistiocytosis in a recessive manner, but its allele frequency is inconsistent with this hypothesis and so we evaluate it as a nonpathogenic polymorphism.",""
rs55843567,17505454,11,USH1C,"Low clinical importance, Uncertain benign",unknown,"This moderately common variant (1000 genomes allele frequency of 6.2%) was reported found heterozygously in a patient with Usher syndrome. However, the high allele frequency and fact that it is a conservative amino acid change supports classifying this variant as benign.",""
rs45500891,216538391,1,USH2A,"Low clinical importance, Uncertain benign",recessive,"This rare variant may be associated with Usher Syndrome II, but the literature seems to have concluded that it is a non-pathogenic polymorphism (including authors who earlier reported it as pathogenic).",Usher Syndrome Type 2
rs61750625,5965032,12,VWF,Insufficiently evaluated pathogenic,unknown,This variant is associated with von Willebrand disease.,von Willebrand Disease
rs734312,6303354,4,WFS1,"Low clinical importance, Uncertain not reviewed",recessive,"This nonsynonymous SNP is associated with Wolfram Syndrome (known as DIDMOAD), which is characterized by early-onset non-autoimmune diabetes mellitus, diabetes insipidus, optic atrophy, and deafness) and to adult Type Two Diabetes Mellitus.  The WFS1 gene maps to chromosome 4p16.3.  The variant has been shown to be statistically associated with type II diabetes in six UK studies and one study of Ashkenazi Jews (Sandhu, M., et al., Minton et al.).",""
rs28374544,106883455,8,ZFPM2,Insufficiently evaluated pathogenic,other,"This variant is associated with Tetralogy of Fallot which typically has low penetrance alleles. High frequency in HapMap and 1000 genomes (11.4% and 18.8%, respectively) seems to contradict pathogenic hypothesis.",""
rs1800555,94236205,1,ABCA4,Insufficiently evaluated pathogenic,unknown,-,""
rs11887534,43919751,2,ABCG8,Insufficiently evaluated pathogenic,other,-,""
rs1800888,148187078,5,ADRB2,"Low clinical importance, Uncertain pharmacogenetic",unknown,"This rare variant in β2-Adrenoceptor has only reported heterozygously (in 2-4% of the population) and strongly decreases the protein’s responsiveness to inducing compounds (agonists). Carriers of this variant are less sensitive to induction of increased heart rate, heart contraction, and vasodilation by β-AR agonists. Mixed data suggests that this variant does not have a significant impact on hypertension or heart disease. It may affect responsiveness to beta blocker drugs.",""
rs5030980,67516945,16,AGRP,Insufficiently evaluated pathogenic,unknown,-,""
rs3092857,108143299,11,ATM,Insufficiently evaluated pathogenic,unknown,-,""
rs1800054,108098576,11,ATM,"Low clinical importance, Uncertain pathogenic",other,May be associated with a small increased risk of breast cancer.,""
rs28997576,215325423,2,BARD1,Insufficiently evaluated pathogenic,unknown,-,""
rs35520756,66043772,11,BBS1,Insufficiently evaluated pathogenic,unknown,-,""
rs4986852,38497955,17,BRCA1,Insufficiently evaluated pathogenic,unknown,-,""
rs56079734,38244629,15,BUB1B,Insufficiently evaluated pathogenic,unknown,This variant was found in colorectal and renal carcinoma cell lines.,""
rs9332739,32011783,6,C2,Insufficiently evaluated pathogenic,unknown,-,""
rs2228063,86580241,8,CA2,Insufficiently evaluated pathogenic,unknown,-,""
rs72546667,8762263,3,CAV3,"High clinical importance, Uncertain pathogenic",recessive,"This variant has been implicated in causing limb-girdle dystrophy in a recessive manner, but it has only been seen homozygously once in a single patient and has been seen heterozygously in controls, so case/control data lacks significance.",Limb-Girdle Muscular Dystrophy Type 1C
rs4151667,32022003,6,CFB,"Low clinical importance, Uncertain protective",unknown,"This variant typically occurs along with E318D, forming the H10 haplotype. This variant appears to be protective; it was associated with a significantly lower incidence of age-related macular degeneration in an American study (OR = 0.45).",""
rs1800098,117017690,7,CFTR,"High clinical importance, Likely pathogenic",recessive,Associated with causing congenital bilateral absence of the vas deferens in a recessive manner. Reported cases were compound heterozygous with CFTR-F508Del.,""
rs17883862,27460456,22,CHEK2,Insufficiently evaluated pathogenic,unknown,-,""
rs16910526,10271087,12,CLEC7A,"Low clinical importance, Uncertain pathogenic",recessive,This variant has been found to impair homan mucosal antifungal defense and was implicated in vulvovaginal candidiasis and mucocutaneous infections in a Dutch family.,""
rs61751507,101819504,10,CPN1,"Low clinical importance, Uncertain pathogenic",recessive,"This rare variant (around 1% allele frequency) is hypothesized to cause carboxypeptidase N deficiency in a recessive manner, especially if combined with a more severe variant. However the findings lack statistical sigificance: only a single case study of an affected individual links this variant to causing the disease. There aren’t any follow-up in vitro studies testing whether this variant affects protein function.",""
rs35086888,3497549,17,CTNS,Insufficiently evaluated pathogenic,unknown,-,""
rs1801272,46046373,19,CYP2A6,Insufficiently evaluated pathogenic,unknown,-,""
rs28399504,96512453,10,CYP2C19,Insufficiently evaluated pathogenic,unknown,This variant creates the CYP2C19*4 haplotype which is associated with poor metabolism of mephenytoin.,""
rs1800278,31496426,X,DMD,Insufficiently evaluated pathogenic,unknown,-,""
rs41305353,31496431,X,DMD,Insufficiently evaluated pathogenic,unknown,-,""
rs11570351,57332862,20,EDN3,Insufficiently evaluated pathogenic,other,"Found heterozygously in one patient with Hirschsprung disease, potentially causes increased susceptibility. The gene is associated with this disease but evidence is weak.",""
rs5352,78475230,13,EDNRB,Insufficiently evaluated pathogenic,unknown,-,""
rs3804505,52411320,6,EFHC1,"Low clinical importance, Likely benign",unknown,Probably benign. OMIM appears to incorrectly interpret literature as linking this variant to juvenile myoclonic epilepsy; the authors report it as a polymorphism.,""
rs34152967,12840627,17,ELAC2,"Low clinical importance, Uncertain pathogenic",unknown,"This variant is implicated as causing increased susceptibility to prostate cancer. However the variant has always been seen paired with S217L, it is unclear which variant is causal. Evidence is weak for both; one meta-analysis (Severi et al.) concluded that neither variant was pathogenic, a more recent meta-analysis (Xu et al.) found the data to be significant but the odds ratio was not strong and concluded they are ""low-penetrance susceptibility markers of prostate cancer"".",Prostate cancer
rs28933977,132206079,6,ENPP1,"Low clinical importance, Uncertain benign",undefined,"Tentatively classified as benign. Initially reported as a recessive cause of infantile arterial calcification, but with no statistical significance. Other variants have been implicated as causal in these cases this variant. 5% allele frequency in caucasians contradicts this variant as having any highly pathogenic effect.",""
rs1044498,132172368,6,ENPP1,Insufficiently evaluated pathogenic,unknown,-,""
rs35882952,23062140,1,EPHB2,Insufficiently evaluated pathogenic,unknown,-,""
rs4253208,50348728,10,ERCC6,Insufficiently evaluated pathogenic,recessive,"This variant is implicated in causing Cockayne Syndrome in a recessive manner. Although other variants in this gene cause this disease, the only observations supporting this variant is its presence in a single case: a black patient compound heterozygous with a frameshift mutation (and an irrelevant stop codon mutation) on the other allele.",""
rs3848519,55247336,18,FECH,Insufficiently evaluated pathogenic,unknown,-,""
rs17855739,5782840,19,FUT6,Insufficiently evaluated pathogenic,unknown,-,""
rs41307846,1949559,1,GABRD,"Low clinical importance, Likely benign",unknown,"Probably benign, one report hypothesized this variant was associated with epilepsy, but a follow-up investigation failed to establish any statistically significant difference for this variant's incidence in control vs. affected populations.",""
rs28940885,23995260,1,GALE,Insufficiently evaluated pathogenic,unknown,-,""
rs2070074,34639442,9,GALT,"Low clinical importance, Uncertain benign",undefined,"This variant has an allele frequency of ~8% and is ancestral to ""Duarte"" / ""Duarte 2"" and ""Duarte 1""/""Los Angeles"" galactosemia variants. This variant is evolutionarily ancestral, and in vitro studies fail to support an impact of this variant on enzyme activity. Carney et al. instead implicate a 4 base deletion on the 5' of the GALT gene as being causal and linked to this variant. Galactosemia is typically screened and detected in infants and causes early, severe but nonspecific symptoms (digestive problems, lethargy, failure to thrive).",""
rs35887622,19661620,13,GJB2,Insufficiently evaluated pathogenic,unknown,-,""
rs72470545,74613333,2,HTRA2,"Low clinical importance, Uncertain benign",undefined,"Although one group reported this variant as being associated with Parkinson’s disease, their screen lacked statistical significance and later studies have found equal frequencies of this variant in unaffected controls. Knockout of this gene is reported to cause parkinsonianism in mice, but another functional study found no impact on the mitochondrial pathway they implicate as being causal in Parkinson’s.",Parkinson Disease
rs1143679,31184312,16,ITGAM,Insufficiently evaluated pathogenic,unknown,-,""
rs77375493,5063770,9,JAK2,"High clinical importance,  pathogenic",dominant,"This well known variant is associated with myeloproliferative diseases: it is used as a diagnostic, providing supporting evidence in individuals who already have symptoms. It is seen as an acquired (not inherited) mutation, one of an accumulation of changes that leads to the development of these cancer-like diseases. It is possible to see this variant in whole genome data or genotyping from blood-derived DNA -- but it is unclear how to view the presence of the variant in individuals who don't have symptoms of the disease. Data from Nielsen et al. suggests that such carriers are at much higher risk of developing myeloproliferative disease or other blood cancer (with roughly 50% of still-living individuals developing these diseases by around 10 years after initial samples -- but these numbers are _extremely_ uncertain).",""
rs34231037,55667703,4,KDR,"Low clinical importance, Uncertain pathogenic",other,"Hypothesized to cause a higher risk of benign neonatal hemangiomas (which are seen in 10% of children). However, observations lacked statistical significance.",""
rs34336420,10105574,2,KLF11,"High clinical importance, Likely pathogenic",dominant,"Reported by Neve et al. to be a dominant cause of early-onset monogenic type II diabetes mellitus (maturity onset diabetes of the young). If true, carriers would be predicted to have a family history of diabetes. Florez et al. contradicted other findings in this gene made by Neve et al. for the Q62R polymorphism, and were unable to find any carriers of this rare variant (thus unable to investigate).",""
rs4988321,67930765,11,LRP5,"High clinical importance, Uncertain pathogenic",recessive,"This variant has been implicated in causing osteoporosis-pseudoglioma syndrome in a recessive manner. The gene is strongly implicated in causing the disease, but an insufficient number of controls means this variant's observation lacks statistical significance. The condition manifests in childhood with early onset osteoporosis and eye problems.",""
rs34778348,39043595,12,LRRK2,Insufficiently evaluated pathogenic,unknown,-,""
rs28756986,74584242,14,MLH3,"Low clinical importance, Uncertain benign",unknown,"Probably benign, follow-up studies have failed to support any link with colorectal cancer and the protein function is identical to wildtype.",""
rs33962952,55717669,12,MYO1A,"Moderate clinical importance, Uncertain pathogenic",dominant,"Although one report speculated that this variant may cause dominant, early-onset sensorineural hearing loss, the findings lacked statistical significance. Notably, this gene is not a clinically tested gene and another of the eight variants reported by these authors (S797F) has since been observed in a PGP participant with no symptoms of hearing loss.",""
rs41298135,76547026,11,MYO7A,"High clinical importance, Uncertain pathogenic",recessive,"May cause Usher Type I syndrome in a recessive manner (congenital deafness and loss of vision in childhood), but reports are conflicting and there is no statistical significance in published observations.",""
rs4987076,18124281,8,NAT1,Insufficiently evaluated pathogenic,unknown,-,""
rs13306575,181799060,1,NCF2,Insufficiently evaluated pathogenic,unknown,-,""
rs1800407,25903913,15,OCA2,"Low clinical importance, Likely benign",unknown,"This variant is associated with eye color, as is OCA2 R305W. Individuals with this variant are reported to be more likely to have green/hazel eyes as opposed to blue/gray eyes. Other variants in this gene are associated with oculocutaneous albinism (albinism which involves skin and eyes).",""
rs62514943,101770831,12,PAH,"Low clinical importance, Uncertain pathogenic",recessive,"This variant was found in combination with some other PAH variants in a few Danish cases of hyperphenylalaninemia. The mildly elevated phenylalanine levels of these cases are generally considered benign, dietary intervention is not usually recommended.",""
rs2233578,127041787,7,PAX4,Insufficiently evaluated pathogenic,unknown,-,""
rs11591147,55278235,1,PCSK9,"Moderate clinical importance, Likely protective",unknown,This variant is reported to have a dominant protective effect against coronary heart disease. Carriers of this variant have about half the risk of coronary heart disease compared to non-carriers (6.3% risk in carriers vs. 11.8% risk in non-carriers).,""
rs41549716,87666077,15,POLG,"Low clinical importance, Uncertain benign",unknown,"A rare polymorphism in POLG, probably benign. A small study of a nuclear family hypothesized it was causing Parkinson disease, but a later study found no significant difference in incidence between cases (1/140) and controls (5/127).",""
rs35947132,72030393,10,PRF1,"Low clinical importance, Likely pathogenic",other,"This variant may be associated with a slightly increased susceptibility to some rare blood disorders, in particular autoimmune proliferative disease, if combined with a more severe mutation elsewhere. Most reports lack statistical significance.",""
rs28933375,72028728,10,PRF1,Insufficiently evaluated pathogenic,unknown,-,""
rs3970559,17285899,22,PRODH,"Low clinical importance, Uncertain pathogenic",recessive,"Associated with reduced proline oxidase activity, and may cause hyperprolemia in a recessive manner (when homozygous or compound heterozygous). Hyperprolemia, in turn, may be associated with schizophrenia.",""
rs17158558,42940341,10,RET,"Low clinical importance, Uncertain pathogenic",dominant,"Initially suspected of causing Hirschsprung’s disease, this rare variant has been later reported as present in unaffected controls (allele frequency around 1%). Supporting a lack of effect: Panini et al. did not find loss of function effects seen in other variants, and Svensson et al. report unaffected relatives in a family who carried the same variant. OMIM lists it as reported to cause increased susceptibility, but there do not appear to be any statistically significant reports supporting this hypothesis.",Hirschsprung Disease
rs17103671,21811196,14,RPGRIP1,"High clinical importance, Uncertain pathogenic",recessive,"This variant is hypothesized to cause Leber's Congenital Amaurosis in a recessive manner (causing severe vision loss and blindness), but stastical significance cannot be established without any observations of allele frequency in controls. This variant is a missense and predicted by Polyphen 2 to have a benign effect, while other causal variants implicated in this gene are severe truncating variants (nonsense or frameshift mutations).",Leber Congenital Amaurosis
rs61747071,52277937,16,RPGRIP1L,"Low clinical importance, Likely pathogenic",unknown,"This variant is generally not considered pathogenic, but when combined with other severe variants it is associated with rare genetic diseases which involve retinal degeneration. Carrying this variant increases the risk of these diseases, but the overall increased risk is very small because the diseases are very rare.",""
rs41261344,38616876,3,SCN5A,Insufficiently evaluated pathogenic,unknown,-,""
rs7626962,38620907,3,SCN5A,Insufficiently evaluated pathogenic,other,This is a common variant in individuals of African descent (African American allele frequency 6.8%). It is associated with an increased risk of cardiac arrhythmia (odds ratio of 8.7 for both homozygous and heterozygous carriers) and of sudden infant death syndrome (24-fold increase for homozygous).,SCN5A-Related Disorders
rs5742912,6328611,12,SCNN1A,Insufficiently evaluated pathogenic,unknown,-,""
rs5738,23108464,16,SCNN1G,"Low clinical importance, Uncertain pathogenic",dominant,"May cause slight increased risk of rare, CFTR-like disease.",""
rs5736,23108422,16,SCNN1G,Insufficiently evaluated pathogenic,other,This variant is associated with weak gain-of-function effect leading to bronchiectasis in one female of African origin.,""
rs33927012,17226884,1,SDHB,"Low clinical importance, Uncertain benign",unknown,"We evaluate as uncertain but presumed benign. One report linked this variant to Cowden-like syndromes, but the significance of their findings is unclear and other reports treat this as a non-pathological variation.",""
rs34677591,111957665,11,SDHD,Insufficiently evaluated pathogenic,unknown,-,""
rs41265017,154413264,1,SEMA4A,Insufficiently evaluated pathogenic,unknown,-,""
rs28933693,45600013,17,SGCA,Insufficiently evaluated pathogenic,recessive,Limb Girdle Muscular Dystrophy,""
rs45562031,39694519,17,SLC4A1,"Moderate clinical importance, Uncertain pathogenic",recessive,"Rare and reported to cause hemolytic anemia in a recessive manner, although insufficient data is published to establish statistical significance. Polyphen 2 predicts a benign effect.",""
rs2285644,39684147,17,SLC4A1,Insufficiently evaluated pathogenic,unknown,-,""
rs61742739,31409299,16,SLC5A2,"Low clinical importance, Uncertain pathogenic",recessive,"Some authors report this rare variant as a nonpathogenic polymorphism, others suggest it may cause renal glucosuria in a recessive manner when compound heterozygous with other pathogenic variants.",Renal Glucosuria
rs41282065,70269762,17,SLC9A3R1,"Moderate clinical importance, Uncertain pathogenic",dominant,"This variant was reported in a small family, associated with kidney stones. This gene is strongly associated with causing kidney stones and osteoporosis, and the variant is computationally predicted to be damaging, but the reported cases for this variant were too few to establish any statistical significance.",""
rs59912467,1174125,19,STK11,Insufficiently evaluated pathogenic,unknown,-,""
rs41298838,18133444,22,TBX1,Insufficiently evaluated pathogenic,unknown,-,""
rs2229843,133969844,8,TG,Insufficiently evaluated pathogenic,unknown,-,""
rs35312232,24724663,14,TGM1,"Low clinical importance, Likely benign",undefined,"Probably a non-pathogenic polymorphism. It was initially thought to be involved in autosomal recessive congenital ichthyosis, but later authors found the variant in numerous healthy controls.",""
rs1800576,22978015,20,THBD,"High clinical importance, Uncertain pathogenic",dominant,"Reported to cause familial hemolytic-uremic syndrome in a dominant manner, a potentially lethal illness in children. If true, penetrance is not 100%, but some family history of the illness would be expected.",""
rs4986790,119515123,9,TLR4,Insufficiently evaluated pathogenic,unknown,-,""
rs4986791,119515423,9,TLR4,Insufficiently evaluated pathogenic,unknown,-,""
rs17028450,97452234,12,TMPO,Insufficiently evaluated pathogenic,unknown,-,""
rs1800460,18247207,6,TPMT,"Low clinical importance, Likely pharmacogenetic",recessive,"Usually this variant is found in combination Y240C, forming the TPMT*3A variant. When alone, this variant produces the *3B variant. Both variants are associated with loss of thiopurine methyltransferase (TPMT) activity. Inability to metabolize thiopurine drugs can lead to severe adverse reactions. Heterozygotes may be advised to take a reduced dosage due to reduced metabolism of the drug.",""
rs1142345,18238897,6,TPMT,"Low clinical importance,  pharmacogenetic",other,"Alone, this variant is known as TPMT*3C -- but often, especially in Caucasians, it is found together with another nonsynonymous variant (A154T) to produce the TPMT*3A variant. Both variants are associated with loss of thiopurine methyltransferase (TPMT) activity, although *3C is milder than *3A. Inability to metabolize thiopurine drugs can lead to severe adverse reactions. Heterozygotes may be advised to take a reduced dosage due to reduced metabolism of the drug.",""
rs41276738,6014239,12,VWF,Insufficiently evaluated pathogenic,unknown,-,""
rs35077384,99499241,10,ZFYVE27,Insufficiently evaluated pathogenic,unknown,-,""
rs328,19864004,8,LPL,"Low clinical importance, Uncertain protective",unknown,"This variant actually increases LPL enzyme activity despite creating a termination codon (see Rip J et al). It appears to be a protective variant, associated with lower triglyceride levels--although the effect is quite weak and explains only 0.5-1% of triglyceride variation.",""
rs2395029,31539759,6,HCP5,Insufficiently evaluated pathogenic,undefined,GWAS association with AIDS progression.,AIDS progression
rs41313301,107437316,9,FKTN,"Low clinical importance, Uncertain benign",unknown,Probably benign.,""
rs6791924,38674699,3,SCN5A,Insufficiently evaluated benign,unknown,"SNC5A is the cardiac sodium channel gene.  Mutations in this gene have been associated with idiopathic ventricular fibrillation and Burgunda Syndrome, however, the R34C mutation of the gene has been largely identified as benign with no noticeable phenotypic effect.  Although this gene is associated with acquired Long-QT syndrome (alQTS) Yang et al. found no difference in the frequency of this variant in alQTS patients and controls (3% versus 3%). AFFECT PROTEIN FUNCTION",""
rs63751005,48026648,2,MSH6,"Low clinical importance, Uncertain benign",undefined,"Despite being predicted to have a damaging effect on a mismatch repair gene, this variant has shown no significant association with cancers (endometrial & colorectal, which are associated with mutations in this gene). It is probably benign; if it has any pathogenic effect it is weak.",""
rs3729989,47326617,11,MYBPC3,Insufficiently evaluated benign,unknown,Cardiogenomics database lists this as a benign polymorphism.,""
rs56257827,46106974,16,PHKB,"Moderate clinical importance, Uncertain pathogenic",recessive,"Reported to cause glycogen storage disease type IX in a recessive manner, but insufficient data is reported to establish significance.",Glycogen Storage Disease TypeIX
rs6756629,43918594,2,ABCG5,"Low clinical importance, Likely protective",undefined,This variant has a mild protective effect on blood cholesterol. It is associated with slightly lower total and LDL cholesterol levels.,""
rs28933390,167030263,3,BCHE,"High clinical importance,  pharmacogenetic",recessive,"This is the ""flu-2"" variant of BCHE and can cause prolonged post-succinylcholine apnea (an adverse side-effect of prolonged response to anesthesia) when homozygous or compound heterozygous with other deleterious BCHE variants.",""
rs41272687,219387121,2,CYP27A1,"Low clinical importance, Uncertain benign",unknown,"Probably not pathogenic. Although predicted to be disruptive and treated by some as pathogenic, reports of this variant in cases were all linked with an upstream frameshift variant -- this supports the variant as a nonpathogenic ancestral polymorphism.",""
rs1800472,46539700,19,TGFB1,"Low clinical importance, Uncertain protective",dominant,Carriers may be less likely to have cleft lip and palate congenital deformity.,""
rs4986761,108124761,11,ATM,"Low clinical importance, Uncertain benign",unknown,"Probably not pathogenic, several papers conclude it is not associated with breast cancer.",""
rs3218695,108129778,11,ATM,"Low clinical importance, Uncertain pathogenic",other,"May be associated with an increased risk of breast cancer. If so, the size of the effect is unknown.",""
rs28897689,38497035,17,BRCA1,"Low clinical importance, Uncertain benign",unknown,"Believed to be a nonpathogenic polymorphism, although Polyphen 2 predicts a damaging effect.",""
rs268,19857809,8,LPL,"Moderate clinical importance, Uncertain pathogenic",dominant,"Also called N291S, this variant has been associated with high hypertriglyceridemia. According to data from Wright et al., carriers of this variant may be two to three times more likely to have very high triglyceride levels, although it is unknown what effect this may have on coronary heart disease.",""
rs33995883,39026953,12,LRRK2,"Low clinical importance, Uncertain benign",unknown,"Reported as a rare, nonpathogenic variant.",""
rs35719359,100962156,13,PCCA,"Low clinical importance, Uncertain benign",unknown,"Reported as a polymorphism, tentatively presumed benign.",""
rs7962217,5931820,12,VWF,"Low clinical importance, Uncertain benign",unknown,"Probably benign, seems to be considered an uncommon polymorphism.",""
rs35830636,189641009,2,COL5A2,"Low clinical importance, Uncertain benign",unknown,"Tentatively benign. Although predicted to be damaging by Polyphen 2, this variant is seen in 2 out of 62 PGP & public genomes. OMIM lists other more disruptive variants (frameshift & nonsense) as reported to cause Ehlers-Danlos syndrome when homozygous.",""
rs11670799,15160051,19,NOTCH3,"Low clinical importance, Uncertain benign",unknown,"Presumed benign, seen in two healthy PGP participants.",""
rs28929470,93917139,14,SERPINA1,"High clinical importance, Uncertain pathogenic",recessive,"Predicted to be damaging, other recessive mutations in this gene cause antitrypsin alpha 1 deficiency, and this variant is mentioned in an online database linking it to this disease.",""
rs4253211,50348323,10,ERCC6,"Low clinical importance, Uncertain benign",unknown,Probably benign.,""
rs1805063,35023044,1,GJB3,"Low clinical importance, Uncertain benign",unknown,"Probably benign. Although Polyphen 2 predicts it be damaging and some publications suggested it might have a functional effect, others report it to be a fairly common polymorphism and functional studies failed to find a difference between it and wild type.",""
rs1800100,117019459,7,CFTR,Insufficiently evaluated benign,unknown,-,""
