,Description,Variations,ClinVar,Frequency,Studies,Risk
rs1303,Pi-M M3 variant,"[['(T;T)', '0', 'common in clinvar']]","[['RCV000019558.2', 'PI M3', 'Other'], ['RCV000155574.2', 'not specified', 'Benign'], ['RCV000380179.3', 'Alpha-1-antitrypsin deficiency', 'Likely-Benign']]","
                  G=0.27738
                  (69749/251452, GnomAD_exome)
                ",Polymorphism of SERPINE2 gene is associated with pulmonary emphysema in consecutive autopsy cases,T>G
rs1815739,muscle performance,"[['(C;C)', '2.2', 'Better performing muscles. Likely sprinter.'], ['(C;T)', '2.1', 'Mix of muscle types. Likely sprinter.'], ['(T;T)', '2.2', 'Impaired muscle performance. Likely endurance athlete.']]","[['RCV000019974.4', 'ACTININ, ALPHA-3 POLYMORPHISM', 'Benign'], ['RCV000019975.29', 'ACTN3 deficiency', 'Affects'], ['RCV000019976.29', 'Sprinting performance', 'Pathogenic']]","
                  T=0.46138
                  (114812/248844, GnomAD_exome)
                ",Cellular Aspects of Muscle Specialization Demonstrate Genotype – Phenotype Interaction Effects in Athletes,C>T
rs53576,influences social behavior and personality,"[['(A;A)', '2.8', 'Lack of empathy?'], ['(A;G)', '2.8', 'Lack of empathy?'], ['(G;G)', '2.5', 'Optimistic and empathetic; handle stress well']]",[],"
                  A=0.31514
                  (39572/125568, TOPMED)
                ",The oxytocin receptor gene predicts brain activity during an emotion recognition task in autism,A>G / A>T
rs4680,warrior vs worrier; number of other associations,"[['(A;A)', '2.5', '(worrier) advantage in memory and attention tasks'], ['(A;G)', 'Intermediate dopamine levels, other effects'], ['(G;G)', '2.5', '(warrior) multiple associations, see details']]","[['RCV000019156.4', 'CATECHOL-O-METHYLTRANSFERASE POLYMORPHISM', 'Benign'], ['RCV000211145.1', 'nicotine response - Efficacy', 'Drug-Response'], ['RCV000244083.1', 'not specified', 'Benign'], ['RCV000786523.1', 'tramadol response - Dosage, Efficacy', 'Drug-Response'], ['RCV000786728.1', 'methadone response - Dosage, Efficacy', 'Drug-Response'], ['RCV000786729.1', 'morphine response - Dosage, Efficacy', 'Drug-Response'], ['RCV000786730.1', 'opioids response - Dosage, Efficacy', 'Drug-Response'], ['RCV000786731.1', 'oxycodone response - Dosage, Efficacy', 'Drug-Response'], ['RCV000786732.1', 'remifentanil response - Dosage, Efficacy', 'Drug-Response'], ['RCV000786733.1', 'sufentanil response - Dosage, Efficacy', 'Drug-Response']]","
                  A=0.46109
                  (114049/247346, GnomAD_exome)
                ",A genetic variant in the catechol-O-methyl transferase (COMT) gene is related to age-dependent differences in the therapeutic effect of calcium-channel blockers,G>A
rs1800497,,"[['(C;C)', '3', 'Normal (A2/A2)'], ['(C;T)', '2.9', 'A1/A2: Bad at avoidance of errors. 0.5x lower OCD risk, 0.87x lower Tardive Diskinesia risk, higher ADHD risk. More Alcohol Dependence. Lower risk of Postoperative Nausea. Increased obesity. Bupropion is not effective for smoking cessation.'], ['(T;T)', '4', 'A1/A1: Bad at avoidance of errors. 0.25x lower OCD; 0.56x lower Tardive Diskinesia; higher ADHD; 1.4x Alcohol Dependence; lower Postoperative Nausea; Increased obesity; less pleasure response; Bupropion ineffective for smoking cessation.; 2.4x risk for adenoma recurrence.']]","[['RCV000002186.5', 'Dopamine receptor d2, reduced brain density of', 'Benign'], ['RCV000211175.1', 'ethanol response - Toxicity/ADR', 'Drug-Response'], ['RCV000211177.1', 'clozapine response - Toxicity/ADR', 'Drug-Response'], ['RCV000211274.1', 'bupropion response - Efficacy', 'Drug-Response'], ['RCV000211297.1', 'olanzapine response - Toxicity/ADR', 'Drug-Response'], ['RCV000211357.1', 'antipsychotics response - Toxicity/ADR', 'Drug-Response'], ['RCV000211387.1', 'risperidone response - Toxicity/ADR', 'Drug-Response'], ['RCV000594759.1', 'not specified', 'Benign']]","
                  A=0.26419
                  (65225/246888, GnomAD_exome)
                ",DRD2/ANKK1 Polymorphism Modulates the Effect of Ventral Striatal Activation on Working Memory Performance,G>A
rs429358,,"[['(C;C)', '1.2', 'one of 2 snps relevant to classifying APOE genotype'], ['(C;T)', "">3x increased risk for Alzheimer's; 1.4x increased risk for heart disease""], ['(T;T)', '0', 'common']]","[['RCV000019438.29', 'Familial type 3 hyperlipoproteinemia', 'Pathogenic'], ['RCV000019448.33', 'Alzheimer disease 2', 'Pathogenic'], ['RCV000019455.31', 'Familial type 3 hyperlipoproteinemia', 'Pathogenic'], ['RCV000019456.28', 'APOE4(-)-FREIBURG', 'Pathogenic'], ['RCV000019458.25', 'APOE4 VARIANT', 'Association'], ['RCV000292119.2', 'not provided', 'Other']]","
                  C=0.13850
                  (23502/169692, GnomAD_exome)
                ",Apolipoprotein E polymorphisms increase the risk of post-stroke depression,T>C
rs9939609,Obesity related. Raises T2D risk through obesity.,"[['(A;A)', '3', 'obesity risk and 1.6x risk for T2D'], ['(A;T)', '2.4', '1.3x risk for T2D; obesity risk'], ['(T;T)', '1.5', 'lower risk of obesity and Type-2 diabetes']]",[],"
                  A=0.40273
                  (50570/125568, TOPMED)
                ",,T>A
rs4988235,,"[['(C;C)', '2.5', 'likely to be lactose intolerant as an adult'], ['(C;T)', '1.1', 'likely to be able to digest milk as an adult'], ['(T;T)', '1.1', 'can digest milk']]","[['RCV000008124.3', 'Lactase persistence', 'Association']]","
                  A=0.38766
                  (48678/125568, TOPMED)
                ","Dairy consumption, systolic blood pressure, and risk of hypertension: Mendelian randomization study",G>A / G>C
rs6806903,,[],[],"
                  G=0.27626
                  (34689/125568, TOPMED)
                ",,A>G
rs4244285,Clopidogrel (Plavix®),"[['(A;A)', '4', 'poor metabolizer of several popular medicines; patients prescribed Plavix get less benefit, and have higher risk for adverse cardiovascular events'], ['(A;G)', '3', 'poorer metabolizer of several popular medicines; patients prescribed Plavix get less benefit, and have higher risk for adverse cardiovascular events'], ['(G;G)', '0', 'normal']]","[['RCV000018393.25', 'Mephenytoin, poor metabolism of', 'Drug-Response'], ['RCV000018394.29', 'Proguanil, poor metabolism of', 'Drug-Response'], ['RCV000018395.26', 'Clopidogrel response', 'Drug-Response'], ['RCV000211209.1', 'amitriptyline response - Efficacy', 'Drug-Response'], ['RCV000211298.1', 'clopidogrel response - Efficacy, Toxicity/ADR', 'Drug-Response'], ['RCV000211331.1', 'citalopram response - Efficacy', 'Drug-Response'], ['RCV000211423.1', 'clomipramine response - Efficacy', 'Drug-Response'], ['RCV000352637.2', 'not provided', 'Other'], ['RCV000610614.1', 'not specified', 'Likely-Benign'], ['RCV000782440.1', 'Clopidogrel response', 'Drug-Response'], ['RCV000782448.1', 'Clopidogrel response', 'Drug-Response'], ['RCV000782449.1', 'Clopidogrel response', 'Drug-Response'], ['RCV000782450.1', 'Clopidogrel response', 'Drug-Response'], ['RCV000782451.1', 'Clopidogrel response', 'Drug-Response'], ['RCV000782452.1', 'Clopidogrel response', 'Drug-Response'], ['RCV000782453.1', 'Clopidogrel response', 'Drug-Response'], ['RCV000782488.1', 'Citalopram response', 'Drug-Response'], ['RCV000782513.1', 'Escitalopram response', 'Drug-Response'], ['RCV000782514.1', 'Citalopram response', 'Drug-Response'], ['RCV000782515.1', 'Escitalopram response', 'Drug-Response'], ['RCV000782516.1', 'Citalopram response', 'Drug-Response'], ['RCV000782517.1', 'Escitalopram response', 'Drug-Response'], ['RCV000782518.1', 'Citalopram response', 'Drug-Response'], ['RCV000782519.1', 'Escitalopram response', 'Drug-Response'], ['RCV000782634.1', 'Escitalopram response', 'Drug-Response'], ['RCV000782635.1', 'Citalopram response', 'Drug-Response'], ['RCV000782636.1', 'Escitalopram response', 'Drug-Response'], ['RCV000782637.1', 'Citalopram response', 'Drug-Response'], ['RCV000782638.1', 'Escitalopram response', 'Drug-Response'], ['RCV000782639.1', 'Citalopram response', 'Drug-Response'], ['RCV000782640.1', 'Escitalopram response', 'Drug-Response'], ['RCV000782690.1', 'Escitalopram response', 'Drug-Response'], ['RCV000782691.1', 'Citalopram response', 'Drug-Response'], ['RCV000782692.1', 'Escitalopram response', 'Drug-Response'], ['RCV000782693.1', 'Citalopram response', 'Drug-Response'], ['RCV000782694.1', 'Escitalopram response', 'Drug-Response'], ['RCV000782697.1', 'Citalopram response', 'Drug-Response'], ['RCV000782698.1', 'Escitalopram response', 'Drug-Response'], ['RCV000782699.1', 'Citalopram response', 'Drug-Response'], ['RCV000782700.1', 'Escitalopram response', 'Drug-Response'], ['RCV000782880.1', 'Citalopram response', 'Drug-Response'], ['RCV000782881.1', 'Escitalopram response', 'Drug-Response'], ['RCV000782882.1', 'Citalopram response', 'Drug-Response'], ['RCV000782883.1', 'Escitalopram response', 'Drug-Response'], ['RCV000782884.1', 'Citalopram response', 'Drug-Response'], ['RCV000782885.1', 'Escitalopram response', 'Drug-Response'], ['RCV000782886.1', 'Citalopram response', 'Drug-Response'], ['RCV000782887.1', 'Escitalopram response', 'Drug-Response'], ['RCV000783140.1', 'Sertraline response', 'Drug-Response'], ['RCV000783141.1', 'Sertraline response', 'Drug-Response'], ['RCV000783142.1', 'Sertraline response', 'Drug-Response'], ['RCV000783143.1', 'Sertraline response', 'Drug-Response'], ['RCV000783144.1', 'Sertraline response', 'Drug-Response'], ['RCV000783145.1', 'Sertraline response', 'Drug-Response'], ['RCV000783171.1', 'Sertraline response', 'Drug-Response'], ['RCV000783172.1', 'Sertraline response', 'Drug-Response'], ['RCV000783173.1', 'Sertraline response', 'Drug-Response'], ['RCV000783174.1', 'Sertraline response', 'Drug-Response'], ['RCV000783175.1', 'Sertraline response', 'Drug-Response'], ['RCV000783269.1', 'Sertraline response', 'Drug-Response'], ['RCV000783270.1', 'Sertraline response', 'Drug-Response'], ['RCV000783415.1', 'Voriconazole response', 'Drug-Response'], ['RCV000783416.1', 'Voriconazole response', 'Drug-Response'], ['RCV000783417.1', 'Voriconazole response', 'Drug-Response'], ['RCV000783418.1', 'Voriconazole response', 'Drug-Response'], ['RCV000783500.1', 'Voriconazole response', 'Drug-Response'], ['RCV000783514.1', 'Voriconazole response', 'Drug-Response'], ['RCV000783515.1', 'Voriconazole response', 'Drug-Response'], ['RCV000783575.1', 'Voriconazole response', 'Drug-Response'], ['RCV000783576.1', 'Voriconazole response', 'Drug-Response'], ['RCV000783577.1', 'Voriconazole response', 'Drug-Response'], ['RCV000783578.1', 'Voriconazole response', 'Drug-Response'], ['RCV000783613.1', 'Voriconazole response', 'Drug-Response'], ['RCV000783614.1', 'Voriconazole response', 'Drug-Response'], ['RCV000783616.1', 'Voriconazole response', 'Drug-Response'], ['RCV000783617.1', 'Voriconazole response', 'Drug-Response'], ['RCV000783618.1', 'Voriconazole response', 'Drug-Response'], ['RCV000783619.1', 'Voriconazole response', 'Drug-Response'], ['RCV000783620.1', 'Voriconazole response', 'Drug-Response'], ['RCV000783648.1', 'CYP2C19: no function', 'Drug-Response'], ['RCV000783666.1', 'Clopidogrel response', 'Drug-Response'], ['RCV000783672.1', 'Clopidogrel response', 'Drug-Response'], ['RCV000783673.1', 'Clopidogrel response', 'Drug-Response'], ['RCV000783712.1', 'Escitalopram response', 'Drug-Response'], ['RCV000783739.1', 'Citalopram response', 'Drug-Response'], ['RCV000783740.1', 'Escitalopram response', 'Drug-Response'], ['RCV000783741.1', 'Citalopram response', 'Drug-Response'], ['RCV000783742.1', 'Escitalopram response', 'Drug-Response'], ['RCV000783743.1', 'Citalopram response', 'Drug-Response'], ['RCV000783864.1', 'Citalopram response', 'Drug-Response'], ['RCV000783865.1', 'Escitalopram response', 'Drug-Response'], ['RCV000783866.1', 'Citalopram response', 'Drug-Response'], ['RCV000783867.1', 'Escitalopram response', 'Drug-Response'], ['RCV000783868.1', 'Citalopram response', 'Drug-Response'], ['RCV000783922.1', 'Citalopram response', 'Drug-Response'], ['RCV000783923.1', 'Escitalopram response', 'Drug-Response'], ['RCV000783924.1', 'Citalopram response', 'Drug-Response'], ['RCV000783925.1', 'Escitalopram response', 'Drug-Response'], ['RCV000783926.1', 'Citalopram response', 'Drug-Response'], ['RCV000783927.1', 'Escitalopram response', 'Drug-Response'], ['RCV000783928.1', 'Citalopram response', 'Drug-Response'], ['RCV000783929.1', 'Escitalopram response', 'Drug-Response'], ['RCV000783930.1', 'Citalopram response', 'Drug-Response'], ['RCV000783931.1', 'Escitalopram response', 'Drug-Response'], ['RCV000783932.1', 'Citalopram response', 'Drug-Response'], ['RCV000784107.1', 'Citalopram response', 'Drug-Response'], ['RCV000784108.1', 'Escitalopram response', 'Drug-Response'], ['RCV000784109.1', 'Citalopram response', 'Drug-Response'], ['RCV000784110.1', 'Escitalopram response', 'Drug-Response'], ['RCV000784111.1', 'Citalopram response', 'Drug-Response'], ['RCV000784112.1', 'Escitalopram response', 'Drug-Response'], ['RCV000784113.1', 'Citalopram response', 'Drug-Response'], ['RCV000784114.1', 'Escitalopram response', 'Drug-Response'], ['RCV000784115.1', 'Citalopram response', 'Drug-Response'], ['RCV000784116.1', 'Escitalopram response', 'Drug-Response'], ['RCV000784117.1', 'Citalopram response', 'Drug-Response'], ['RCV000784118.1', 'Escitalopram response', 'Drug-Response'], ['RCV000784302.1', 'Sertraline response', 'Drug-Response'], ['RCV000784312.1', 'Sertraline response', 'Drug-Response'], ['RCV000784313.1', 'Sertraline response', 'Drug-Response'], ['RCV000784314.1', 'Sertraline response', 'Drug-Response'], ['RCV000784315.1', 'Sertraline response', 'Drug-Response'], ['RCV000784316.1', 'Sertraline response', 'Drug-Response'], ['RCV000784317.1', 'Sertraline response', 'Drug-Response'], ['RCV000784403.1', 'Sertraline response', 'Drug-Response'], ['RCV000784404.1', 'Sertraline response', 'Drug-Response'], ['RCV000784405.1', 'Sertraline response', 'Drug-Response'], ['RCV000784406.1', 'Sertraline response', 'Drug-Response'], ['RCV000784408.1', 'Sertraline response', 'Drug-Response'], ['RCV000784498.1', 'Sertraline response', 'Drug-Response'], ['RCV000784499.1', 'Sertraline response', 'Drug-Response'], ['RCV000784500.1', 'Sertraline response', 'Drug-Response'], ['RCV000784501.1', 'Sertraline response', 'Drug-Response'], ['RCV000784502.1', 'Sertraline response', 'Drug-Response'], ['RCV000784503.1', 'Sertraline response', 'Drug-Response'], ['RCV000784504.1', 'Sertraline response', 'Drug-Response'], ['RCV000784505.1', 'Sertraline response', 'Drug-Response'], ['RCV000784648.1', 'Voriconazole response', 'Drug-Response'], ['RCV000784649.1', 'Voriconazole response', 'Drug-Response'], ['RCV000784650.1', 'Voriconazole response', 'Drug-Response'], ['RCV000784651.1', 'Voriconazole response', 'Drug-Response'], ['RCV000784652.1', 'Voriconazole response', 'Drug-Response'], ['RCV000784653.1', 'Voriconazole response', 'Drug-Response'], ['RCV000784749.1', 'Voriconazole response', 'Drug-Response'], ['RCV000784750.1', 'Voriconazole response', 'Drug-Response'], ['RCV000784751.1', 'Voriconazole response', 'Drug-Response'], ['RCV000784752.1', 'Voriconazole response', 'Drug-Response'], ['RCV000784797.1', 'Voriconazole response', 'Drug-Response'], ['RCV000784798.1', 'Voriconazole response', 'Drug-Response'], ['RCV000784838.1', 'Voriconazole response', 'Drug-Response'], ['RCV000784839.1', 'Voriconazole response', 'Drug-Response'], ['RCV000784840.1', 'Voriconazole response', 'Drug-Response']]","
                  A=0.17640
                  (28518/161670, GnomAD_exome)
                ",Genetic Polymorphisms of Metabolic Enzymes and the Pharmacokinetics of Indapamide in Taiwanese Subjects,G>A / G>C
rs326,,"[['(A;A)', '2', 'lower HDL cholesterol'], ['(A;G)', 'lower HDL cholesterol'], ['(G;G)', 'normal risk']]","[['RCV000001625.4', 'High density lipoprotein cholesterol level quantitative trait locus 11', 'Association']]","
                  G=0.37630
                  (47251/125568, TOPMED)
                ",Association between IL-18/18R gene polymorphisms and coronary artery disease: influence of IL-18/18R genetic variants on cytokine expression,A>G
rs447,,[],[],"
                  T=0.1717
                  (5382/31348, GnomAD)
                ",Genome-wide analysis of macrosatellite repeat copy number variation in worldwide populations: evidence for differences and commonalities in size distributions and size restrictions,T>C
rs480,,[],[],"
                  C=0.33966
                  (42650/125568, TOPMED)
                ",,C>G / C>T
rs671,,"[['(A;A)', '4', 'Asian Flusher; increased risk of esophageal cancer; East Asian ancestry; Disulfiram not effective for alcoholism.'], ['(A;G)', '3.5', 'Asian Flush; worse hangovers; increased risk of esophageal cancer; East Asian ancestry; Disulfiram probably not effective for alcoholism.'], ['(G;G)', '2', ""Alcohol Flush: Normal, doesn't flush. Normal hangovers. Normal risk of Alcoholism. Normal risk of Esophageal Cancer. Disulfiram is effective for alcoholism.""]]","[['RCV000020058.3', 'Acute alcohol sensitivity', 'Drug-Response'], ['RCV000020059.2', 'Alcohol dependence', 'Protective'], ['RCV000020060.2', 'Susceptibility to hangover', 'Risk-Factor'], ['RCV000020061.2', 'Sublingual nitroglycerin, susceptibility to poor response to', 'Risk-Factor'], ['RCV000020062.2', 'Esophageal cancer, alcohol-related, susceptibility to', 'Risk-Factor']]","
                  A=0.01888
                  (4582/242666, GnomAD_exome)
                ",Three missense variants of metabolic syndrome-related genes are associated with alpha-1 antitrypsin levels,G>A
rs693,,"[['(C;C)', '0', 'normal'], ['(C;T)', 'elevated lipids'], ['(T;T)', 'elevated lipids']]","[['RCV000116389.5', 'not specified', 'Benign'], ['RCV000274903.1', 'Familial hypobetalipoproteinemia', 'Likely-Benign'], ['RCV000388049.3', 'Familial hypercholesterolemia', 'Benign-Likely-Benign'], ['RCV000771027.1', 'Familial hypercholesterolemias', 'Benign']]","
                  A=0.38855
                  (97584/251146, GnomAD_exome)
                ","Association between apolipoprotein B genetic polymorphism and the risk of calcific aortic stenosis in Chinese subjects, in Xinjiang, China",G>A
rs699,,"[['(C;C)', '2', 'increased risk of hypertension'], ['(C;T)', '2', 'increased risk of hypertension'], ['(T;T)', 'normal risk of hypertension']]","[['RCV000019691.5', 'Hypertension, essential, susceptibility to', 'Risk-Factor'], ['RCV000019692.5', 'Preeclampsia, susceptibility to', 'Risk-Factor'], ['RCV000019693.5', 'Susceptibility to progression to renal failure in IgA nephropathy', 'Risk-Factor'], ['RCV000242838.1', 'not specified', 'Benign'], ['RCV000405686.1', 'Renal dysplasia', 'Benign']]","
                  A=0.45186
                  (113572/251344, GnomAD_exome)
                ",Genetic associations between genes in the renin-angiotensin-aldosterone system and renal disease: a systematic review and meta-analysis,A>G
rs1010,,"[['(A;A)', '0.5', 'normal risk of MI'], ['(A;G)', '1', '1.75x risk of MI'], ['(G;G)', '1.75', '1.75x risk of MI']]",[],"
                  C=0.45328
                  (56917/125568, TOPMED)
                ",VAMP8/endobrevin is overexpressed in hyperreactive human platelets: suggested role for platelet microRNA,T>C / T>G
rs1208,,"[['(A;A)', '0'], ['(G;G)', '0', 'common in clinvar']]","[['RCV000000760.1', 'Slow acetylator due to N-acetyltransferase enzyme variant', 'Drug-Response']]","
                  G=0.38507
                  (48353/125568, TOPMED)
                ","Identification and validation of N-acetyltransferase 2 as an insulin
sensitivity gene",G>A / G>T
rs1695,influences asthma risk,"[['(A;A)', '0', 'normal asthma risk in certain populations'], ['(A;G)', '?'], ['(G;G)', '2.1', '3.5x asthma risk in certain populations']]","[['RCV000211146.1', 'fluorouracil and oxaliplatin response - Efficacy', 'Drug-Response'], ['RCV000211269.1', 'cyclophosphamide and epirubicin response - Efficacy, Toxicity/ADR', 'Drug-Response'], ['RCV000211325.1', 'Platinum compounds response - Toxicity/ADR', 'Drug-Response'], ['RCV000437330.1', 'Neoplasm of the large intestine', 'Not-Provided'], ['RCV000660778.1', 'cisplatin response - Toxicity/ADR', 'Drug-Response']]","
                  G=0.33858
                  (84137/248500, GnomAD_exome)
                ",Modifying Role of GSTP1 Polymorphism on the Association between Tea Fluoride Exposure and the Brick-Tea Type Fluorosis,A>G
rs4534,,[],"[['RCV000339466.1', 'Hyperaldosteronism, familial, type I', 'Benign'], ['RCV000398709.1', 'Congenital adrenal hyperplasia', 'Benign']]","
                  T=0.08449
                  (21242/251402, GnomAD_exome)
                ",Association of genetic variations with pharmacokinetics and lipid-lowering response to atorvastatin in healthy Korean subjects,C>T
rs4539,,"[['(A;A)', '0', 'common in clinvar']]","[['RCV000269208.1', 'Corticosterone methyloxidase type 1 deficiency', 'Benign'], ['RCV000307908.1', 'Hyperaldosteronism, familial, type I', 'Benign'], ['RCV000366140.1', 'Corticosterone methyloxidase type 2 deficiency', 'Benign'], ['RCV000609130.1', 'not specified', 'Benign']]","
                  C=0.42399
                  (105290/248332, GnomAD_exome)
                ",Association between Polymorphisms in the Renin-Angiotensin-Aldosterone System Genes and Essential Hypertension in the Han Chinese Population,T>C
rs4541,,[],"[['RCV000287487.1', 'Hyperaldosteronism, familial, type I', 'Benign'], ['RCV000344753.1', 'Congenital adrenal hyperplasia', 'Benign'], [], ['RCV000665278.1', 'Deficiency of steroid 11-beta-monooxygenase', 'Uncertain-Significance']]","
                  A=0.0245
                  (318/13006, GO-ESP)
                ",Variation in Genes that Regulate Blood Pressure Are Associated with Glomerular Filtration Rate in Chinese,G>A / G>T
rs4633,,"[['(C;C)', '0', 'normal'], ['(C;T)', '2', 'higher risk for endometrial cancer'], ['(T;T)', '2', 'higher risk for endometrial cancer']]","[['RCV000249561.1', 'not specified', 'Benign']]","
                  T=0.46345
                  (115901/250082, GnomAD_exome)
                ",Roles of functional catechol-O-methyltransferase genotypes in Chinese patients with Parkinson’s disease,C>T
rs4880,,"[['(C;C)', '1.1', 'complex! see rs4880'], ['(C;T)', '1.1', 'complex! see rs4880'], ['(T;T)', '1.1', 'complex! see rs4880']]","[['RCV000015872.2', 'SUPEROXIDE DISMUTASE 2 POLYMORPHISM', 'Benign'], ['RCV000015873.2', 'Microvascular complications of diabetes 6', 'Risk-Factor'], ['RCV000211191.1', 'cyclophosphamide response - Efficacy', 'Drug-Response']]","
                  G=0.48395
                  (117709/243226, GnomAD_exome)
                ","Genetic polymorphisms of antioxidant enzymes CAT and SOD affect the outcome of clinical, biochemical, and anthropometric variables in people with obesity under a dietary intervention",A>G
rs5174,,"[['(A;A)', '2', '1.3x increased risk for heart disease'], ['(A;G)', '2', '1.3x increased risk for heart disease'], ['(G;G)', '1', 'Normal risk for heart disease']]","[['RCV000007411.2', 'Myocardial infarction 1', 'Risk-Factor']]","
                  T=0.29171
                  (66973/229590, GnomAD_exome)
                ",Using Next-Generation Sequencing Transcriptomics To Determine Markers of Post-traumatic Symptoms: Preliminary Findings from a Post-deployment Cohort of Soldiers,C>T
rs5186,,"[['(A;A)', '0', 'normal risk'], ['(A;C)', '2.1', '~1.4x increased risk of hypertension'], ['(C;C)', '3.8', '7.3x increased risk of hypertension']]","[['RCV000019688.5', 'Hypertension, essential, susceptibility to', 'Risk-Factor'], ['RCV000374969.1', 'Renal dysplasia', 'Benign']]","
                  C=0.22748
                  (56561/248638, GnomAD_exome)
                ","Estimation of the relationship between the polymorphisms of selected genes: ACE, AGTR1, TGFβ1 and GNB3 with the occurrence of primary vesicoureteral reflux",A>C
rs5283,,[],"[['RCV000293653.1', 'Hyperaldosteronism, familial, type I', 'Benign'], ['RCV000385596.1', 'Congenital adrenal hyperplasia', 'Benign']]","
                  A=0.40867
                  (102650/251182, GnomAD_exome)
                ",,G>A
rs5284,,[],[],"
                  A=0.00014
                  (34/251420, GnomAD_exome)
                ",,G>A
rs5292,,[],[],None,,G>C
rs5297,,[],"[['RCV000303302.1', 'Hyperaldosteronism, familial, type I', 'Benign'], ['RCV000398771.1', 'Congenital adrenal hyperplasia', 'Benign']]","
                  G=0.13214
                  (16592/125568, TOPMED)
                ",Linking Genomic and Metabolomic Natural Variation Uncovers Nematode Pheromone Biosynthesis,A>G
rs5301,,[],"[['RCV000273065.1', 'Congenital adrenal hyperplasia', 'Benign'], ['RCV000363072.1', 'Hyperaldosteronism, familial, type I', 'Benign']]","
                  C=0.48152
                  (60464/125568, TOPMED)
                ",,T>C
rs5303,,[],"[['RCV000282385.1', 'Hyperaldosteronism, familial, type I', 'Benign'], ['RCV000394822.1', 'Congenital adrenal hyperplasia', 'Benign']]","
                  A=0.33903
                  (42571/125568, TOPMED)
                ",,A>C / A>G
rs5335,,"[['(C;C)', 'normal risk'], ['(C;G)', '1.19x risk for hypertension'], ['(G;G)', '>1.19x risk for hypertension']]",[],"
                  G=0.48438
                  (60822/125568, TOPMED)
                ",Genetic Polymorphisms Associated with Reactive Oxygen Species and Blood Pressure Regulation,G>A / G>C
rs5918,,"[['(C;C)', '2.5', 'MI risk, aspirin resistance'], ['(C;T)', '2', 'MI risk, aspirin resistance'], ['(T;T)', '0', 'average']]","[['RCV000014519.6', 'PL(A1)/(A2) ALLOANTIGEN POLYMORPHISM', 'Benign'], ['RCV000014522.6', 'Myocardial infarction', 'Risk-Factor'], ['RCV000246922.2', 'not specified', 'Benign'], ['RCV000383813.1', 'Glanzmann thrombasthenia', 'Likely-Benign']]","
                  C=0.12106
                  (30400/251122, GnomAD_exome)
                ",Association of the platelet GPIIb/IIIa polymorphism with atherosclerotic plaque morphology. The Atherosclerosis Risk in Communities (ARIC) Study,T>C
rs6025,,"[['(A;A)', '7', '11.4x higher risk of thrombosis'], ['(A;G)', '4.1', '3.5-4.4x risk of thrombosis'], ['(G;G)', '0', 'normal/common risk of thrombosis']]","[['RCV000211384.1', 'hormonal contraceptives for systemic use response - Toxicity/ADR', 'Drug-Response'], ['RCV000514863.1', 'not provided', 'Pathogenic'], [], ['RCV000000674.4', 'Thrombophilia due to factor V Leiden', 'Pathogenic'], ['RCV000000675.5', 'Ischemic stroke, susceptibility to', 'Risk-Factor'], ['RCV000000676.4', 'Budd-Chiari syndrome, susceptibility to', 'Risk-Factor'], ['RCV000023935.4', 'Recurrent abortion', 'Risk-Factor'], ['RCV000205002.9', 'Factor V deficiency', 'Pathogenic'], ['RCV000454249.2', 'Thrombophilia due to activated protein C resistance', 'Pathogenic,Risk-Factor'], ['RCV000616414.1', 'not specified', 'Benign']]","
                  T=0.01959
                  (4922/251250, GnomAD_exome)
                ",Minor allele of the factor V K858R variant protects from venous thrombosis only in non-carriers of factor V Leiden mutation,C>T
rs6161,,"[['(A;G)', '3', 'Carrier of a likely primary adrenal insufficiency mutation'], ['(G;G)', '0', 'common in clinvar']]","[['RCV000413593.1', 'not provided', 'Likely-Pathogenic']]","
                  T=0.00253
                  (636/251458, GnomAD_exome)
                ",,C>T
rs6162,,"[['(G;G)', '0', 'common in clinvar']]","[['RCV000403468.1', 'Congenital adrenal hyperplasia', 'Benign'], ['RCV000711364.1', 'not provided', 'Benign']]","
                  A=0.42336
                  (106461/251466, GnomAD_exome)
                ",Association between polymorphisms in sex hormones synthesis and metabolism and prostate cancer aggressiveness,G>A
rs6163,,[],"[['RCV000366126.1', 'Congenital adrenal hyperplasia', 'Benign'], ['RCV000711365.1', 'not provided', 'Benign']]","
                  A=0.39797
                  (49972/125568, TOPMED)
                ",Association between polymorphisms in sex hormones synthesis and metabolism and prostate cancer aggressiveness,C>A / C>T
rs6265,,"[['(A;A)', '2.6', 'introversion; depression resistant; impaired motor skills learning; somewhat quicker mental decline in Alzheimer patients'], ['(A;G)', '2.6', 'Slightly increased risk for ADHD or depression; somewhat quicker mental decline in Alzheimer patients'], ['(G;G)', '0', 'common/normal']]","[['RCV000019267.4', 'Memory impairment, susceptibility to', 'Risk-Factor'], ['RCV000155463.2', 'not specified', 'Benign']]","
                  T=0.19488
                  (48968/251276, GnomAD_exome)
                ",Influence of childhood trauma and brain-derived neurotrophic factor Val66Met polymorphism on posttraumatic stress symptoms and cortical thickness,C>T
rs6269,,[],[],"
                  G=0.38164
                  (47922/125568, TOPMED)
                ",The Impact of COMT and Childhood Maltreatment on Suicidal Behaviour in Affective Disorders,A>G
rs6276,,[],[],"
                  C=0.46963
                  (58970/125568, TOPMED)
                ",Genetic Polymorphisms in the Dopamine Receptor 2 Predict Acute Pain Severity after Motor Vehicle Collision,C>T
rs6296,,[],[],"
                  G=0.31176
                  (78305/251170, GnomAD_exome)
                ",Gene-to-gene interactions regulate endogenous pain modulation in fibromyalgia patients and healthy controls—antagonistic effects between opioid and serotonin-related genes,C>G
rs6323,Monoamine oxidase A activity,"[['(G;G)', '2.1', 'Increased monoamine oxidase A activity'], ['(T;T)', '3', 'reduced MAOA activity']]","[['RCV000078415.10', 'not specified', 'Benign'], ['RCV000715347.1', 'History of neurodevelopmental disorder', 'Benign']]","
                  G=0.34998
                  (64001/182873, GnomAD_exome)
                ",Association study of monoamine oxidase A/B genes and schizophrenia in Han Chinese,G>T
rs6332,,[],[],"
                  G=0.49577
                  (62253/125568, TOPMED)
                ",Genetic Association between Neurotrophin-3 Polymorphisms and Alzheimer's Disease in Japanese Patients,G>A / G>T
rs6350,,"[['(C;C)', '0']]","[['RCV000625457.2', 'Infantile Parkinsonism-dystonia', 'Benign'], [], ['RCV000546376.2', 'Infantile Parkinsonism-dystonia', 'Uncertain-Significance']]","
                  A=0.05595
                  (7026/125568, TOPMED)
                ",Genetic Influence on Slope Variability in a Childhood Reflexive Attention Task,G>A / G>C
rs6356,,"[['(G;G)', '0', 'common in clinvar']]","[['RCV000021078.3', 'Segawa syndrome, autosomal recessive', 'Benign'], ['RCV000241867.1', 'not specified', 'Benign'], ['RCV000710270.1', 'not provided', 'Benign']]","
                  T=0.42865
                  (106793/249138, GnomAD_exome)
                ",Polymorphism profiling of nine high altitude relevant candidate gene loci in acclimatized sojourners and adapted natives,C>T
rs6387,,"[['(G;G)', '0', 'common in clinvar']]","[['RCV000266926.1', 'Congenital adrenal hyperplasia', 'Benign'], ['RCV000359290.1', 'Hyperaldosteronism, familial, type I', 'Benign']]","
                  C=0.49504
                  (62161/125568, TOPMED)
                ",,C>G / C>T
rs6389,,[],[],None,,C>T
rs6405,,[],[],"
                  T=0.00015
                  (37/250968, GnomAD_exome)
                ",,C>T
rs6410,,"[['(A;A)', '0', 'common in clinvar']]","[['RCV000309802.1', 'Congenital adrenal hyperplasia', 'Benign'], ['RCV000396739.1', 'Hyperaldosteronism, familial, type I', 'Benign']]","
                  T=0.41910
                  (105248/251126, GnomAD_exome)
                ",,T>A / T>C
rs6442,,[],"[['RCV000252190.1', 'not specified', 'Benign']]","
                  C=0.01441
                  (3548/246188, GnomAD_exome)
                ",,G>C
rs6445,,"[['(C;C)', '0', 'common in complete genomics'], ['(C;T)', '3', 'Carrier of allele for congenital adrenal hyperplasia'], ['(T;T)', '5', 'Congenital adrenal hyperplasia']]","[['RCV000012943.5', 'Classic congenital adrenal hyperplasia due to 21-hydroxylase deficiency', 'Pathogenic'], ['RCV000711371.2', 'not provided', 'Pathogenic']]","
                  T=0.00460
                  (633/137706, GnomAD_exome)
                ",,C>T
rs6446,,[],"[['RCV000252854.1', 'not specified', 'Benign']]","
                  A=0.00003
                  (8/238752, GnomAD_exome)
                ",,G>A
rs6447,,[],"[['RCV000711367.1', 'not provided', 'Uncertain-Significance'], ['RCV000764644.1', 'Classic congenital adrenal hyperplasia due to 21-hydroxylase deficiency', 'Uncertain-Significance']]","
                  A=0.0177
                  (550/31076, GnomAD)
                ",,G>A / G>C / G>T
rs6455,,[],"[['RCV000248904.1', 'not specified', 'Likely-Benign'], [], ['RCV000253638.1', 'not specified', 'Benign']]","
                  C=0.0043
                  (338/78678, PAGE_STUDY)
                ",,G>A / G>C
rs6458,,[],"[['RCV000252782.1', 'not specified', 'Benign']]","
                  G=0.13143
                  (31911/242802, GnomAD_exome)
                ",,A>G
rs6459,,[],"[['RCV000242950.1', 'not specified', 'Benign']]","
                  T=0.14372
                  (15421/107300, ExAC)
                ",,C>G / C>T
rs6462,,[],"[['RCV000251542.1', 'not specified', 'Benign']]","
                  C=0.26312
                  (56346/214146, GnomAD_exome)
                ",,C>G / C>T
rs6464,,[],"[['RCV000247881.1', 'not specified', 'Benign']]","
                  C=0.31122
                  (66232/212814, GnomAD_exome)
                ",,C>A / C>T
rs6467,,"[['(C;G)', '3', 'Carrier of allele for congenital adrenal hyperplasia'], ['(C;T)', '3', 'Carrier of allele for congenital adrenal hyperplasia'], ['(G;G)', '0', 'common in clinvar'], ['(G;T)', '0', 'polymorphism'], ['(T;T)', '0', 'common/normal']]","[['RCV000177075.2', 'not specified', 'Benign'], [], ['RCV000012939.7', 'Classic congenital adrenal hyperplasia due to 21-hydroxylase deficiency', 'Pathogenic'], ['RCV000624227.1', 'Inborn genetic diseases', 'Pathogenic'], ['RCV000711376.2', 'not provided', 'Pathogenic'], [], ['RCV000502480.1', 'Classic congenital adrenal hyperplasia due to 21-hydroxylase deficiency', 'Not-Provided']]","
                  C=0.3707
                  (4817/12996, GO-ESP)
                ",The Major Histocompatibility Complex Conserved Extended Haplotype 8.1 in AIDS-related Non-Hodgkin’s Lymphoma,C>A / C>G / C>T
rs6468,,[],"[['RCV000244556.1', 'not specified', 'Benign']]","
                  C=0.20560
                  (47312/230114, GnomAD_exome)
                ",,C>G / C>T
rs6469,,[],"[['RCV000252555.1', 'not specified', 'Benign']]","
                  T=0.2170
                  (17945/82708, ExAC)
                ",,C>T
rs6470,,[],"[['RCV000247576.1', 'not specified', 'Benign']]","
                  T=0.01227
                  (1925/156824, GnomAD_exome)
                ",,C>T
rs6471,,"[['(G;G)', '0', 'common in complete genomics'], ['(G;T)', '3', 'Carrier of allele for congenital adrenal hyperplasia'], ['(T;T)', '5', 'Congenital adrenal hyperplasia']]","[['RCV000055820.1', 'Classic congenital adrenal hyperplasia due to 21-hydroxylase deficiency', 'Pathogenic'], [], ['RCV000012934.5', 'Classic congenital adrenal hyperplasia due to 21-hydroxylase deficiency', 'Pathogenic'], ['RCV000012935.2', 'Adenoma, cortisol-producing', 'Pathogenic'], ['RCV000012936.2', 'Carcinoma, adrenocortical, androgen-secreting', 'Pathogenic'], ['RCV000210728.1', 'Inborn genetic diseases', 'Pathogenic'], ['RCV000417198.1', 'Classic congenital adrenal hyperplasia due to 21-hydroxylase deficiency', 'Pathogenic'], ['RCV000711385.2', 'not provided', 'Pathogenic']]",None,,G>A / G>C / G>T
rs6472,,"[['(C;C)', '0', 'benign polymorphism'], ['(C;G)', '0', 'benign polymorphism'], ['(G;G)', '0', 'common/normal']]","[['RCV000024069.2', '21-HYDROXYLASE POLYMORPHISM', 'Benign'], ['RCV000029655.2', 'Congenital adrenal hyperplasia', 'Not-Provided'], ['RCV000055819.1', 'Classic congenital adrenal hyperplasia due to 21-hydroxylase deficiency', 'Benign'], ['RCV000252481.1', 'not specified', 'Benign']]","
                  C=0.1238
                  (3811/30776, GnomAD)
                ",,G>A / G>C
rs6473,,"[['(G;G)', '0', 'common in clinvar']]","[['RCV000243232.3', 'not specified', 'Benign']]",CYP21A2 : Missense Variant,,G>A / G>C
rs6474,,"[['(G;G)', '0', 'common in clinvar']]","[['RCV000055817.1', 'Classic congenital adrenal hyperplasia due to 21-hydroxylase deficiency', 'Benign'], ['RCV000245772.1', 'not specified', 'Benign'], ['RCV000711377.1', 'not provided', 'Benign']]","
                  A=0.31647
                  (75713/239240, GnomAD_exome)
                ",A genome-wide association study of atopic dermatitis identifies loci with overlapping effects on asthma and psoriasis,G>A / G>C
rs6475,,"[['(A;A)', '5', 'Congenital adrenal hyperplasia'], ['(A;T)', '3', 'Carrier of allele for congenital adrenal hyperplasia'], ['(T;T)', '0', 'common in complete genomics']]","[['RCV000012933.4', 'Classic congenital adrenal hyperplasia due to 21-hydroxylase deficiency', 'Pathogenic'], ['RCV000416339.1', 'Classic congenital adrenal hyperplasia due to 21-hydroxylase deficiency', 'Pathogenic'], ['RCV000416360.1', 'Classic congenital adrenal hyperplasia due to 21-hydroxylase deficiency', 'Pathogenic'], ['RCV000622562.1', 'Inborn genetic diseases', 'Pathogenic'], ['RCV000711382.1', 'not provided', 'Pathogenic']]","
                  A=0.00048
                  (120/249434, GnomAD_exome)
                ",,T>A
rs6476,,"[['(A;A)', '5', 'Congenital adrenal hyperplasia'], ['(A;T)', '3', 'Carrier of allele for congenital adrenal hyperplasia'], ['(T;T)', '0', 'common in clinvar']]","[['RCV000012947.3', 'Classic congenital adrenal hyperplasia due to 21-hydroxylase deficiency', 'Pathogenic'], ['RCV000055823.1', 'Classic congenital adrenal hyperplasia due to 21-hydroxylase deficiency', 'Pathogenic']]","
                  A=0.00100
                  (249/250242, GnomAD_exome)
                ",,T>A / T>C
rs6477,,[],"[['RCV000247733.1', 'not specified', 'Benign'], ['RCV000576615.1', 'Classic congenital adrenal hyperplasia due to 21-hydroxylase deficiency', 'Benign']]","
                  G=0.16477
                  (18983/115212, ExAC)
                ",,C>G / C>T
rs6598,,[],[],"
                  A=0.37404
                  (46967/125568, TOPMED)
                ",DeepSAGE Reveals Genetic Variants Associated with Alternative Polyadenylation and Expression of Coding and Non-coding Transcripts,G>A / G>C
rs6647,Pi-M allele,"[['(C;C)', '0', 'Normal; two copies of Pi-M1A allele'], ['(C;T)', '0', 'Normal; one Pi-M1V allele and one Pi-M1A allele'], ['(T;T)', '0', 'Normal; two copies of Pi-M1V allele']]","[['RCV000019555.3', 'PI M1-ALA213', 'Benign'], ['RCV000019556.28', 'PI, M1V', 'Benign'], [], ['RCV000019553.4', 'PI M1-ALA213', 'Benign'], ['RCV000019554.29', 'PI, M1A', 'Benign'], ['RCV000151834.3', 'not specified', 'Benign'], ['RCV000406073.3', 'Alpha-1-antitrypsin deficiency', 'Likely-Benign']]","
                  G=0.20954
                  (52480/250450, GnomAD_exome)
                ",Identification of genetic variants influencing the human plasma proteome,A>G
rs6976,,"[['(C;C)', '1', 'No increased risk of osteoarthritis'], ['(C;T)', '1', 'slight risk of osteoarthritis'], ['(T;T)', '1', 'risk of osteoarthritis']]",[],"
                  T=0.38171
                  (93099/243900, GnomAD_exome)
                ",Investigation of Association Between Hip Osteoarthritis Susceptibility Loci and Radiographic Proximal Femur Shape,C>T
rs7041,,"[['(T;T)', '1.5', 'ex-smokers at 2x higher risk for COPD; supplement with Vitamin D?']]","[['RCV000017357.3', 'GC1/GC2 POLYMORPHISM', 'Benign']]","
                  C=0.41633
                  (52278/125568, TOPMED)
                ",Interactions between vitamin D binding protein variants and major dietary patterns on the odds of metabolic syndrome and its components in apparently healthy adults,A>C / A>T
rs7192,,"[['(G;G)', '0', 'common/normal'], ['(G;T)', '1.7', '1.7x increased risk for developing a peanut allergy'], ['(T;T)', '3', '3x higher risk for developing a peanut allergy']]",[],"
                  T=0.36269
                  (88599/244280, GnomAD_exome)
                ",Genome-wide Association Study Identifies Peanut Allergy-Specific Loci and Evidence of Epigenetic Mediation in U.S. Children,T>G
rs7412,,"[['(C;C)', '1', 'part of APOE4 genoset evaluation'], ['(C;T)', '1', 'part of APOE4 genoset evaluation'], ['(T;T)', '1', 'part of APOE4 genoset evaluation']]","[['RCV000019428.30', 'Familial type 3 hyperlipoproteinemia', 'Pathogenic'], ['RCV000019439.28', 'Apolipoproteinemia E1', 'Pathogenic'], ['RCV000019452.30', 'Familial type 3 hyperlipoproteinemia', 'Pathogenic'], ['RCV000019454.30', 'Familial type 3 hyperlipoproteinemia', 'Pathogenic'], ['RCV000211178.1', 'atorvastatin response - Efficacy', 'Drug-Response'], ['RCV000346955.1', 'not provided', 'Other']]","
                  T=0.06150
                  (8425/136984, GnomAD_exome)
                ",Apolipoprotein E polymorphisms increase the risk of post-stroke depression,C>T
rs7946,,[],[],"
                  C=0.41221
                  (80559/195430, GnomAD_exome)
                ",Genetic Variation in Choline-Metabolizing Enzymes Alters Choline Metabolism in Young Women Consuming Choline Intakes Meeting Current Recommendations,C>T
rs8089,,"[['(G;G)', 'slightly increased heart attack risk'], ['(G;T)', 'slightly increased heart attack risk'], ['(T;T)', '0', 'normal risk']]",[],"
                  C=0.21969
                  (27586/125568, TOPMED)
                ",Impact of thrombospondin-2 gene variations on the risk of thoracic aortic dissection in a Chinese Han population,A>C
rs8111,,[],[],"
                  T=0.20591
                  (25856/125568, TOPMED)
                ",,C>T
rs8283,,[],[],"
                  G=0.26339
                  (33073/125568, TOPMED)
                ",High-Density SNP Screening of the Major Histocompatibility Complex in Systemic Lupus Erythematosus Demonstrates Strong Evidence for Independent Susceptibility Regions,A>G
rs9332,,"[['(C;C)', '0', 'common in complete genomics']]","[['RCV000389294.1', 'Disorders of Intracellular Cobalamin Metabolism', 'Benign']]","
                  A=0.21430
                  (26909/125568, TOPMED)
                ",One-Carbon Metabolism Pathway Gene Variants and Risk of Clear Cell Renal Cell Carcinoma in a Chinese Population,G>A
rs9898,,[],[],"
                  T=0.38189
                  (95937/251218, GnomAD_exome)
                ","Common Variants of Large Effect in F12, KNG1, and HRG Are Associated with Activated Partial Thromboplastin Time",C>T
rs10012,,"[['(C;C)', '0', 'common in clinvar']]","[['RCV000078125.5', 'not specified', 'Benign'], ['RCV000276102.1', 'Primary congenital glaucoma', 'Benign']]","
                  C=0.31249
                  (67344/215506, GnomAD_exome)
                ",Associations of CYP1 polymorphisms with risk of prostate cancer: an updated meta-analysis,G>C
rs10380,,"[['(C;C)', '0', 'common in complete genomics']]","[['RCV000126880.2', 'not specified', 'Benign'], ['RCV000144924.1', 'Gastrointestinal stroma tumor', 'Uncertain-Significance'], ['RCV000302798.1', 'Disorders of Intracellular Cobalamin Metabolism', 'Benign']]","
                  T=0.15681
                  (39347/250918, GnomAD_exome)
                ",Polymorphisms in folic acid metabolism genes do not associate with cancer cachexia in Japanese gastrointestinal patients,C>T
rs11832,,"[['(A;A)', '0', 'common in clinvar']]","[['RCV000281319.1', 'Alpha-1-antitrypsin deficiency', 'Benign']]","
                  T=0.38011
                  (47730/125568, TOPMED)
                ",Polymorphism of SERPINE2 gene is associated with pulmonary emphysema in consecutive autopsy cases,T>C / T>G
rs12722,,"[['(C;C)', '0', 'common in clinvar']]","[['RCV000292334.1', 'Ehlers-Danlos syndrome, type 7A', 'Benign']]","
                  T=0.41357
                  (51931/125568, TOPMED)
                ",Genetics of rotator cuff tears: no association of col5a1 gene in a case-control study,C>T
rs16942,,"[['(A;A)', '0', 'common in clinvar'], ['(A;G)', '2', 'very slightly increased breast cancer risk'], ['(G;G)', '2', 'very slightly increased breast cancer risk']]","[['RCV000637591.1', 'Hereditary breast and ovarian cancer syndrome', 'Uncertain-Significance'], ['RCV000776822.1', 'Hereditary cancer-predisposing syndrome', 'Uncertain-Significance'], [], ['RCV000034742.3', 'not provided', 'Benign'], ['RCV000048229.6', 'Hereditary breast and ovarian cancer syndrome', 'Benign-Likely-Benign'], ['RCV000112115.6', 'Breast-ovarian cancer, familial 1', 'Benign'], ['RCV000120278.9', 'not specified', 'Benign'], ['RCV000128991.4', 'Hereditary cancer-predisposing syndrome', 'Benign'], ['RCV000460753.1', 'Familial cancer of breast', 'Benign'], ['RCV000770891.1', 'Breast carcinoma', 'Benign']]","
                  C=0.35268
                  (88507/250954, GnomAD_exome)
                ",Analysis of Single Nucleotide Polymorphisms and Radiation Sensitivity of the Lung Assessed With an Objective Radiologic Endpoint,T>A / T>C
rs17563,,"[['(C;C)', '2.1', 'Risk for otosclerosis'], ['(T;T)', '0', 'common in clinvar']]","[['RCV000178157.2', 'not specified', 'Benign'], ['RCV000274304.1', 'BMP4-Related Syndromic Microphthalmia', 'Likely-Benign'], ['RCV000309331.1', 'Syndromic Microphthalmia, Dominant', 'Likely-Benign'], ['RCV000366338.1', 'Cleft Lip +/- Cleft Palate, Autosomal Dominant', 'Likely-Benign'], ['RCV000405370.1', 'Orofacial cleft', 'Likely-Benign']]","
                  G=0.45266
                  (112585/248720, GnomAD_exome)
                ",Characterization of human bone morphogenetic protein gene variants for possible roles in congenital heart disease,A>G
rs17580,Pi-S allele,"[['(A;A)', '0', 'common in complete genomics'], ['(A;T)', '2.3', 'Carrier of one PiS variant; slight chance of Alpha-1 Antitrypsin Deficiency'], ['(T;T)', '2.5', 'a slightly reduced functionality form of Alpha-1 Antitrypsin Deficiency']]","[['RCV000019569.2', 'PI S', 'Other'], ['RCV000148878.13', 'Alpha-1-antitrypsin deficiency', 'Pathogenic'], ['RCV000177031.5', 'not provided', 'Pathogenic,Other'], ['RCV000508742.1', 'Alpha-1-antitrypsin deficiency', 'Pathogenic'], ['RCV000508836.1', 'Alpha-1-antitrypsin deficiency', 'Pathogenic'], ['RCV000762932.1', 'Alpha-1-antitrypsin deficiency,Chronic obstructive pulmonary disease', 'Pathogenic'], ['RCV000768544.1', 'Alpha-1-antitrypsin deficiency', 'Pathogenic']]","
                  A=0.02330
                  (5859/251480, GnomAD_exome)
                ",Polymorphism of SERPINE2 gene is associated with pulmonary emphysema in consecutive autopsy cases,T>A
rs25531,,"[['(-;-)'], ['(A;A)', '2.5', 'short form of 5-HTTLPR. lower levels of serotonin, slightly less happy, benefits from more support'], ['(G;G)', '2.1', 'long form of 5-HTTLPR. less sensitive to pain']]",[],"
                  C=0.12177
                  (15290/125568, TOPMED)
                ",Association of Functional Polymorphisms from Brain-Derived Neurotrophic Factor and Serotonin-Related Genes with Depressive Symptoms after a Medical Stressor in Older Adults,T>C
rs27044,,"[['(C;C)', 'normal risk'], ['(C;G)', '1.4x higher risk for spondylitis'], ['(G;G)', '1.4x higher risk for spondylitis']]",[],"
                  G=0.30831
                  (77507/251392, GnomAD_exome)
                ",ERAP1 genetic variations associated with HLA-B27 interaction and disease severity of syndesmophytes formation in Taiwanese ankylosing spondylitis,G>C
rs27048,,"[['(C;C)', '2x risk of severe alcohol withdrawal'], ['(C;T)', '0', 'normal'], ['(T;T)', '0', 'normal']]",[],"
                  T=0.38603
                  (48473/125568, TOPMED)
                ",Association of Dopamine Transporter Gene Variants with Childhood ADHD Features in Bipolar Disorder,C>A / C>G / C>T
rs27434,,[],[],"
                  A=0.30095
                  (37790/125568, TOPMED)
                ",ERAP1/ERAP2 and RUNX3 polymorphisms are not associated with ankylosing spondylitis susceptibility in Chinese Han,A>G / A>T
rs30187,,"[['(C;C)', '1.2', 'Normal low risk (0.1%) for ankylosing spondylitis.'], ['(C;T)', '1.5', '1.4x higher risk for Ankylosing Spondylitis.'], ['(T;T)', '2', '2x higher risk for Ankylosing Spondylitis.']]",[],"
                  T=0.37992
                  (95452/251240, GnomAD_exome)
                ",Bioinformatics analysis of genetic variants of endoplasmic reticulum aminopeptidase 1 in ankylosing spondylitis,T>A / T>C
rs31489,,"[['(A;A)', '1.1', 'Reduced lung cancer risk?'], ['(A;C)', '2', '1.75-fold reduced risk of developing lung cancer'], ['(C;C)', '2', 'Increased risk for lung cancer and emphysema']]",[],"
                  A=0.40357
                  (50676/125568, TOPMED)
                ",CLPTM1L polymorphism and lung cancer risk,C>A
rs40147,,[],[],"
                  A=0.28791
                  (36152/125568, TOPMED)
                ","Sexually dimorphic effects of four genes (COMT, SLC6A2, MAOA, SLC6A4) in genetic associations of ADHD: A preliminary study",G>A / G>C
rs40401,,[],[],"
                  T=0.29029
                  (72991/251440, GnomAD_exome)
                ",Association of matrix metalloproteinase 8 genetic polymorphisms with bronchial asthma in a Japanese population,C>T
rs10103355,,"[['(A;A)', '0', 'common in clinvar'], ['(G;G)', '0', 'common in complete genomics']]","[['RCV000245912.1', 'not specified', 'Benign'], ['RCV000310101.1', 'Farber disease', 'Benign'], ['RCV000675803.1', 'not provided', 'Benign']]","
                  A=0.05152
                  (12955/251432, GnomAD_exome)
                ",,A>G
rs10104895,,[],[],"
                  A=0.18940
                  (23783/125568, TOPMED)
                ",,G>A
rs10104997,,[],[],"
                  T=0.18266
                  (22936/125568, TOPMED)
                ",,C>T
rs1010553,,[],[],"
                  T=0.47270
                  (117779/249162, GnomAD_exome)
                ",,T>C
rs1000113,,"[['(C;C)', '0', 'normal'], ['(C;T)', ""1.5x risk of Crohn's disease""], ['(T;T)', ""1.9x risk of Crohn's disease""]]",[],"
                  T=0.14946
                  (18767/125568, TOPMED)
                ",Crohn’s Disease Localization Displays Different Predisposing Genetic Variants,C>T
rs10002492,,[],[],"
                  G=0.22009
                  (27636/125568, TOPMED)
                ",,A>G
rs10005233,,[],[],"
                  C=0.42205
                  (105356/249630, GnomAD_exome)
                ",,C>T
rs1000579,,[],[],"
                  G=0.45256
                  (56827/125568, TOPMED)
                ",,A>G
rs1000597,,"[['(A;A)', '0', 'common in complete genomics'], ['(A;G)', '1.22x risk of kidney stone in Japanese'], ['(G;G)', '1.22x risk of kidney stone in Japanese']]",[],"
                  C=0.12702
                  (15950/125568, TOPMED)
                ","A Genome-Wide Association Study of Nephrolithiasis in the Japanese Population Identifies Novel Susceptible Loci at 5q35.3, 7p14.3, and 13q14.1",T>A / T>C
rs10007052,,[],[],"
                  A=0.33746
                  (42374/125568, TOPMED)
                ",,C>A
rs10007186,,[],[],"
                  C=0.34850
                  (43760/125568, TOPMED)
                ",,C>T
rs10007590,,[],[],"
                  G=0.16542
                  (20771/125568, TOPMED)
                ",,A>G
rs1000778,,[],[],"
                  A=0.41385
                  (51966/125568, TOPMED)
                ",Chromatin interactions and expression quantitative trait loci reveal genetic drivers of multimorbidities,A>G
rs10008492,,"[['(C;C)', 'normal'], ['(C;T)', ""Very small 1.1x increased risk for Non-hodgkin's lymphoma""], ['(T;T)', ""1.4x increased risk for Non-hodgkin's lymphoma""]]",[],"
                  C=0.38594
                  (48462/125568, TOPMED)
                ",A pooled investigation of Toll-like receptor gene variants and risk of non-Hodgkin lymphoma,C>G / C>T
rs10009145,,[],[],"
                  A=0.39388
                  (93292/236856, GnomAD_exome)
                ",,G>A
rs1000916,,"[['(A;A)', '0', 'common in complete genomics']]",[],"
                  C=0.06526
                  (8195/125568, TOPMED)
                ",,T>C
rs10009228,,[],[],"
                  A=0.21996
                  (55282/251324, GnomAD_exome)
                ",Association of single nucleotide polymorphisms of nicotinic acetylcholine receptor subunits with cervical neoplasia,A>G
rs10010131,,[],"[['RCV000004785.5', 'Diabetes mellitus, noninsulin-dependent, association with', 'Pathogenic'], ['RCV000038664.9', 'not specified', 'Benign'], ['RCV000273205.1', 'WFS1-Related Spectrum Disorders', 'Benign'], ['RCV000325882.1', 'Nonsyndromic Hearing Loss, Dominant', 'Benign']]","
                  A=0.33808
                  (84016/248508, GnomAD_exome)
                ",A Randomized Controlled Trial of Dapagliflozin Plus Once-Weekly Exenatide Versus Placebo in Individuals with Obesity and Without Diabetes: Metabolic Effects and Markers Associated with Bodyweight Loss,A>G
rs1001021,,"[['(C;C)', '0', 'common in complete genomics']]",[],"
                  A=0.05896
                  (7403/125568, TOPMED)
                ","Cross-Disorder Genomewide Analysis of Schizophrenia, Bipolar Disorder, and Depression",G>A
rs10010325,,[],[],"
                  A=0.49501
                  (62158/125568, TOPMED)
                ",,C>A / C>G / C>T
rs10010758,,[],[],"
                  C=0.32276
                  (40528/125568, TOPMED)
                ",Genetic Association with Subgingival Bacterial Colonization in Chronic Periodontitis,T>C
rs1001179,,"[['(A;A)', '0.6x decreased acoustic neuroma risk'], ['(A;G)', '0.6x decreased acoustic neuroma risk'], ['(G;G)', 'normal']]",[],"
                  T=0.14791
                  (18573/125568, TOPMED)
                ","Genetic polymorphisms of antioxidant enzymes CAT and SOD affect the outcome of clinical, biochemical, and anthropometric variables in people with obesity under a dietary intervention",C>T
rs10011926,,[],[],"
                  T=0.31979
                  (40155/125568, TOPMED)
                ",,C>T
rs10012307,,[],[],"
                  C=0.22579
                  (28352/125568, TOPMED)
                ",,T>C
rs10012946,,[],[],"
                  T=0.35189
                  (44186/125568, TOPMED)
                ",Association Analysis of Type 2 Diabetes Loci in Type 1 Diabetes,T>C
rs10012953,,[],[],"
                  G=0.20768
                  (26078/125568, TOPMED)
                ",,A>G
rs10013040,,[],[],"
                  A=0.20145
                  (49607/246254, GnomAD_exome)
                ",,C>A
rs10013166,,[],[],"
                  A=0.37954
                  (47658/125568, TOPMED)
                ",,G>A
rs10013228,,[],[],"
                  G=0.22603
                  (28382/125568, TOPMED)
                ",Single nucleotide polymorphisms as prognostic and predictive biomarkers in renal cell carcinoma,A>G
rs10014072,,[],[],"
                  A=0.35149
                  (44136/125568, TOPMED)
                ",,A>G
rs1001579,,[],[],"
                  G=0.10812
                  (13576/125568, TOPMED)
                ",,G>A / G>T
rs10017238,,[],[],"
                  C=0.16375
                  (20562/125568, TOPMED)
                ",,T>C
rs10017284,,[],[],"
                  G=0.44996
                  (56501/125568, TOPMED)
                ",,A>G / A>T
rs1001761,,[],[],"
                  G=0.49704
                  (100424/202044, GnomAD_exome)
                ","Serum homocysteine, arsenic methylation, and arsenic-induced skin lesion incidence in Bangladesh: a one-carbon metabolism candidate gene study",G>A
rs10019009,,"[['(A;A)', '0', 'common in clinvar']]","[['RCV000349283.1', 'Hypophosphatemic Rickets, Recessive', 'Benign']]","
                  T=0.28784
                  (36144/125568, TOPMED)
                ",,A>G / A>T
rs10019888,,[],[],"
                  G=0.17023
                  (21376/125568, TOPMED)
                ",,A>G
rs10021308,,[],[],"
                  G=0.49525
                  (62187/125568, TOPMED)
                ",,G>A / G>C
rs10022462,,[],[],"
                  T=0.39515
                  (49618/125568, TOPMED)
                ",,C>T
rs1002442,,[],[],"
                  G=0.13440
                  (16876/125568, TOPMED)
                ",,T>G
rs10026364,,"[['(C;C)', '0', 'common in complete genomics']]",[],"
                  T=0.06251
                  (7849/125568, TOPMED)
                ",,C>T
rs10027628,,"[['(T;T)', '0', 'common genotype']]",[],"
                  C=0.07421
                  (9319/125568, TOPMED)
                ",,T>C
rs1002765,,[],[],"
                  A=0.28581
                  (35888/125568, TOPMED)
                ",Association of Polymorphisms in three pri-miRNAs that Target Pepsinogen C with the Risk and Prognosis of Gastric Cancer,G>A / G>C
rs10028213,,[],[],"
                  G=0.24279
                  (30487/125568, TOPMED)
                ",Whole-genome sequence-based analysis of thyroid function,C>G
rs10028805,,[],[],"
                  A=0.45477
                  (57104/125568, TOPMED)
                ",Meta-analysis of genome-wide association studies discovers multiple loci for chronic lymphocytic leukemia,G>A
rs10029851,,[],[],"
                  C=0.17342
                  (21776/125568, TOPMED)
                ",,A>C / A>T
rs10030044,,[],[],"
                  G=0.40679
                  (51080/125568, TOPMED)
                ",ZNF423: A New Player in Estrogen Receptor-Positive Breast Cancer,G>T
rs10030601,,[],[],"
                  C=0.22471
                  (28217/125568, TOPMED)
                ",,T>C
rs1003199,,[],[],"
                  T=0.41127
                  (51642/125568, TOPMED)
                ",,C>T
rs10032216,,[],[],"
                  C=0.30525
                  (38330/125568, TOPMED)
                ",A Meta-Analysis of Thyroid-Related Traits Reveals Novel Loci and Gender-Specific Differences in the Regulation of Thyroid Function,T>A / T>C
rs1003247,,[],[],"
                  C=0.23113
                  (29022/125568, TOPMED)
                ",,T>C
rs10032549,,[],[],"
                  G=0.42079
                  (52838/125568, TOPMED)
                ",Clinical and genetic associations of renal function and diabetic kidney disease in the United Arab Emirates: a cross-sectional study,A>G
rs10032931,,[],[],"
                  T=0.29342
                  (36844/125568, TOPMED)
                ",,T>C
rs10033119,,"[['(A;A)', '0', 'common in complete genomics']]",[],"
                  G=0.08516
                  (10693/125568, TOPMED)
                ",No Association of Variants of the NPY-System With Obsessive-Compulsive Disorder in Children and Adolescents,A>G
rs1003349,,[],[],"
                  T=0.29480
                  (37017/125568, TOPMED)
                ",Association of genetic polymorphisms with chronic obstructive pulmonary disease in the Chinese Han population: a case–control study,G>T
rs10033900,,[],[],"
                  T=0.46107
                  (57896/125568, TOPMED)
                ",Evaluation of 10 AMD Associated Polymorphisms as a Cause of Choroidal Neovascularization in Highly Myopic Eyes,T>C
rs10034228,,"[['(C;C)'], ['(C;T)'], ['(T;T)']]",[],"
                  C=0.32910
                  (41324/125568, TOPMED)
                ",Insight into the molecular genetics of myopia,T>C
rs10034692,,[],[],"
                  G=0.28792
                  (36153/125568, TOPMED)
                ",A comprehensive evaluation of interaction between genetic variants and use of menopausal hormone therapy on mammographic density,A>G
rs1003483,,"[['(G;T)', '0']]",[],"
                  G=0.46516
                  (115517/248336, GnomAD_exome)
                ",Genetic variation in insulin-like growth factor 2 may play a role in ovarian cancer risk,T>G
rs1003484,,[],[],"
                  A=0.30961
                  (76697/247722, GnomAD_exome)
                ",,A>G / A>T
rs1003533,,[['(C;C)']],[],"
                  T=0.23876
                  (58856/246512, GnomAD_exome)
                ",Association of the insulin-like growth factor binding protein 3 (IGFBP-3) polymorphism with longevity in Chinese nonagenarians and centenarians,C>T
rs10035961,,[],[],"
                  C=0.38788
                  (48705/125568, TOPMED)
                ",,A>C
rs10036748,,[],[],"
                  T=0.46413
                  (58280/125568, TOPMED)
                ",Genome-wide association studies of asthma indicate opposite immunopathogenesis direction from autoimmune diseases,C>A / C>T
rs1003694,,[],[],"
                  T=0.32513
                  (40826/125568, TOPMED)
                ",Multistage analysis of variants in the Inflammation pathway and lung cancer risk in smokers,C>T
rs1003719,,[],[],"
                  G=0.48106
                  (60406/125568, TOPMED)
                ",,A>G / A>T
rs1003723,,"[['(C;C)', '0', 'common in clinvar']]","[['RCV000237169.5', 'Familial hypercholesterolemia', 'Benign']]","
                  T=0.31999
                  (40181/125568, TOPMED)
                ","Genetic determinants of serum lipid levels in Chinese subjects: A population-based study in Shanghai, China",C>A / C>T
rs1003737,,[],[],"
                  C=0.48849
                  (61339/125568, TOPMED)
                ",Case-parent analysis of variation in pubertal hormone genes and pediatric osteosarcoma: a Children’s Oncology Group (COG) study,A>C / A>T
rs10037512,,[],[],"
                  T=0.41167
                  (51693/125568, TOPMED)
                ",Genome-wide association meta-analyses identified 1q43 and 2q32.2 for hip Ward's triangle areal bone mineral density,T>A / T>C
rs10037670,,[],[],"
                  G=0.20149
                  (25301/125568, TOPMED)
                ",,A>G
rs10037814,,[],[],"
                  C=0.47626
                  (59803/125568, TOPMED)
                ",,T>C
rs10038,,[],[],"
                  A=0.26836
                  (33697/125568, TOPMED)
                ",,C>A
rs10038113,,[],[],"
                  C=0.46070
                  (57849/125568, TOPMED)
                ",AKAPs integrate genetic findings for autism spectrum disorders,T>C
rs10038177,,[],[],"
                  C=0.47323
                  (116738/246684, GnomAD_exome)
                ",,C>T
rs10038196,,[],[],"
                  T=0.49258
                  (61852/125568, TOPMED)
                ",,T>G
rs10038727,,[],[],"
                  A=0.29004
                  (36420/125568, TOPMED)
                ",From Candidate Genes to Genome-wide Association: The Challenges and Promise of Posttraumatic Stress Disorder Genetic Studies,G>A
rs10039254,,[],[],"
                  G=0.38816
                  (48741/125568, TOPMED)
                ",Genetic Sharing with Coronary Artery Disease Identifies Potential Novel Loci for Bone Mineral Density,A>G
rs10040979,,[],[],"
                  G=0.39797
                  (49972/125568, TOPMED)
                ",,G>A
rs10041935,,[],[],"
                  C=0.21066
                  (26452/125568, TOPMED)
                ",,A>C
rs10042486,,[],[],"
                  C=0.40553
                  (50922/125568, TOPMED)
                ",HTR1A Polymorphisms and Clinical Efficacy of Antipsychotic Drug Treatment in Schizophrenia: A Meta-Analysis,C>T
rs10042968,,[],[],"
                  G=0.20680
                  (25968/125568, TOPMED)
                ",,A>G
rs1004356,,[],[],"
                  C=0.14922
                  (18737/125568, TOPMED)
                ",,T>C
rs10043775,,[],[],"
                  C=0.26827
                  (67370/251128, GnomAD_exome)
                ",Genetic Association with Subgingival Bacterial Colonization in Chronic Periodontitis,T>C
rs10044242,,"[['(C;C)', '0', 'common genotype']]",[],"
                  G=0.01232
                  (1547/125568, TOPMED)
                ",,C>G
rs10044254,,[],[],"
                  G=0.24873
                  (31233/125568, TOPMED)
                ",Genetic predictors associated with improvement of asthma symptoms in response to inhaled corticosteroids,A>G
rs10044354,,[],[],"
                  T=0.40216
                  (50498/125568, TOPMED)
                ",Functionally distinct ERAP1 and ERAP2 are a hallmark of HLA-A29-(Birdshot) Uveitis,C>T
rs1004446,,[],[],"
                  A=0.37186
                  (46694/125568, TOPMED)
                ","The Influence of Type 1 Diabetes Genetic Susceptibility Regions, Age, Sex, and Family History on the Progression From Multiple Autoantibodies to Type 1 Diabetes: A TEDDY Study Report",G>A
rs1004467,,"[['(T;T)', '0']]",[],"
                  G=0.15280
                  (38333/250872, GnomAD_exome)
                ",A Study on the Association Between Polymorphisms in the Cytochrome P450 Family 17 Subfamily A Member 1 Gene Region and Type 2 Diabetes Mellitus in Han Chinese,A>G
rs10045431,,[],[],"
                  A=0.21756
                  (27319/125568, TOPMED)
                ",Genetic associations of inflammatory bowel disease in a South Asian population,A>C
rs10046,,"[['(C;C)', '0', 'common in clinvar']]","[['RCV000323501.1', 'Aromatase deficiency', 'Benign']]","
                  A=0.45121
                  (113281/251058, GnomAD_exome)
                ",Potential Role of Aromatase over Estrogen Receptor Gene Polymorphisms in Migraine Susceptibility: A Case Control Study from North India,G>A
rs10046257,,[],[],"
                  A=0.15387
                  (19321/125568, TOPMED)
                ",,G>A
rs1004689,,[],[],"
                  G=0.48826
                  (61310/125568, TOPMED)
                ",,T>G
rs10047462,,[],[],"
                  G=0.13268
                  (16660/125568, TOPMED)
                ","CardioGxE, a catalog of gene-environment interactions for cardiometabolic traits",G>C / G>T
rs10048146,,[],[],"
                  G=0.17192
                  (21588/125568, TOPMED)
                ",Genome-wide association study for radiographic vertebral fractures: A potential role for the 16q24 BMD locus,A>G
rs1004819,,"[['(C;C)', '1', ""1.5x risk of Crohn's disease, 1.2 for developing ankylosing spondylitis""], ['(C;T)', '1', ""1.5x risk of Crohn's disease, 1.2 for developing ankylosing spondylitis""], ['(T;T)', 'common']]",[],"
                  A=0.31556
                  (39624/125568, TOPMED)
                ","Circulating concentrations of interleukin (IL)-17 in patients with multiple sclerosis: Evaluation of the effects of gender, treatment, disease patterns and IL-23 receptor gene polymorphisms",G>A
rs10049246,,[],[],"
                  A=0.32934
                  (41355/125568, TOPMED)
                ",Shared heritability of attention-deficit/hyperactivity disorder and autism spectrum disorder,A>G / A>T
rs10049992,,[],[],"
                  G=0.17203
                  (21601/125568, TOPMED)
                ",,T>A / T>G
rs10050311,,"[['(C;C)', '0', 'common/normal']]",[],"
                  T=0.16895
                  (41250/244162, GnomAD_exome)
                ",,C>T
rs1005041,,"[['(C;C)', 'Relevant to haplogroup R1']]",[],-,,C>G
rs10050860,,"[['(C;C)', '1.3', 'Normal risk (about 0.1%) for Ankylosing Spondylitis.'], ['(C;T)', '1.4', '0.71x lower risk for Ankylosing Spondylitis.'], ['(T;T)', '1.7', 'Half the risk (about 0.05%) of Ankylosing Spondylitis.']]",[],"
                  T=0.15438
                  (38756/251042, GnomAD_exome)
                ","Gene Variation of Endoplasmic Reticulum Aminopeptidases 1 and 2, and Risk of Blood Pressure Progression and Incident Hypertension among 17,255 Initially Healthy Women",C>T
rs1005224,,[],[],"
                  T=0.41887
                  (52597/125568, TOPMED)
                ",,T>A
rs10052657,,[],[],"
                  A=0.17727
                  (22260/125568, TOPMED)
                ",Distinct genetic association at the PLCE1 locus with oesophageal squamous cell carcinoma in the South African population,C>A
rs10053056,,[],[],"
                  T=0.47950
                  (60210/125568, TOPMED)
                ",SNPs in CAST are associated with Parkinson disease: A confirmation study,T>C
rs10053502,,"[['(C;C)', '0', 'common genotype']]",[],"
                  T=0.07216
                  (9061/125568, TOPMED)
                ",,C>T
