"625","zpart_3eef","treemap","3","3","greater","less","greater","Those of high clinical importance","dunno","dunno","","","liver","","","emphysema","","","3","2","1","7","6","7","2","The degree of clinical importance","The way to navigate","361"
"627","zpart_0c0d67","treemap","3","3","greater","greater","greater","SERPINA1-E366K, CYP2C9-R144C, SERPINA1-E288V","less","greater","","","","","diabetes","emphysema","tuberculosis","","6","6","1","3","6","7","2","The horizontal chart made it easy to compare data of what was extremely important to discuss to a doctor.","Some kind of expansion tool to navigate sections that have a large number of results (more than 4)","347"
"628","zpart_25fac2","treemap","10","10","equal","less","less","MTRR-I49M","equal","less","","","","","diabetes","","tuberculosis","eye","2","2","1","6","4","6","4","The chart gave information","It could be better organized and spelled out for people who aren't doctors.  ","989"
"629","zpart_693a","treemap","3","3","greater","greater","greater","SERPINA1-E366K
\
CYP2C9-R144C
\
C3-R102G","dunno","greater","","","liver","colon","","","","","6","5","1","7","7","7","3","THE ZOOM FUNCTION WITH THE DESCRIPTIONS AND SUMMARIES","make the smaller sections that don't contain variant names just a little larger.","805"
"630","zpart_fb03","treemap","3","3","greater","greater","greater","SERPINA1-E366K, RYR2-G1885E, BBS7-D412G, CYP2C9-R144C, C3-R102G","less","greater","","","liver","","","emphysema","","eye","6","5","2","6","7","7","5","I thought the organization was great how it was based on importance and if it was pathogenic to protective.  The colors helped too.","Some of the variants were so small on the chart that it looked like the weren't there when really there were many.  It was hard to notice.","908"
"631","zpart_dd5d","treemap","3","3","greater","greater","greater","SERPINA1-E366K, RYR2-G1885E, BBS7-D412G, CYP2C9-R144C, C3-R102G, FUT2-W154X","less","greater","","","liver","","","emphysema","","eye","6","5","1","6","5","6","5","The level of detail and the chains of information (including the glossary and the &quot;click here for more information&quot; options).","I'm not sure. It could be simplified (less detail), but that would be confusing in its own way. Better to put everything on the table.","1269"
"632","zpart_b721","treemap","3","3","greater","greater","greater","High clinical importance and we'll verified pathenogenic","dunno","dunno","alzheimers","parkinsons","liver","colon","diabetes","emphysema","tuberculosis","eye","6","6","1","2","6","7","5","","","256"
"633","zpart_cfb986","treemap","3","1","greater","greater","greater","potentially pathogenic variants","dunno","dunno","","","liver","","","","","","5","5","2","6","5","6","4","the chart functionality is clear","try to stay away from medical &quot;jargon&quot; in the charts.  That is, technical terms.  regular non-medical users need to refer to more common, everyday language terms, as much as possible.","1412"
"634","zpart_8d6718","treemap","3","1","greater","greater","greater","SERPINA1-E366K","equal","greater","","","liver","","","","","eye","3","4","1","5","6","5","3","I appreciate that the report is divided into categories according to the severity of the variants.","Interacting with the report is very sluggish and clumsy; it's frustrating and slow to move from category to category.","916"
"636","zpart_f494","treemap","9","1","dunno","greater","greater","SERPINA1-E366K","dunno","dunno","","","liver","","","","","","5","5","3","6","5","7","4","The boxes that  explained the genes.","Use clear language.","460"
"637","zpart_a5f1","treemap","3","1","greater","greater","greater","SERPINA1-E366K, RYR2-G1885E, BBS7-D412G, CYP2C9-R144C, C3-R102G","dunno","greater","","","liver","","","emphysema","","eye","4","6","2","6","6","7","1","I found the rankings and color-coding helpful.","Some people might benefit from these results being explained in simpler language.","557"
"639","zpart_9c2d3f","treemap","3","3","greater","greater","less","SERPINA1-E366K, CYP2C9-R144C, SERPINA1-E288V","dunno","dunno","","","","","","emphysema","","","5","2","1","6","6","7","4","It is broken down well, but it's too hard to hover over each end result and see what it has to say about it.","Make the end results a bit larger so they are easy to see (the colored bars) and hover over for more information.","861"
"640","zpart_2ed880","treemap","3","1","greater","greater","less","SERPINA1-E366K
\
CYP2C9-R144C
\
SERPINA1-E288V
\
C3-R102G","equal","greater","","","","","","emphysema","","","4","3","3","6","4","6","5","the format is fine. Somewhat complicated for the non healthcare professional to understand","explode it into two pages ","575"
"641","zpart_881e","treemap","3","1","greater","greater","less","The likely and well established pathogenic variants.","equal","greater","","","","","diabetes","emphysema","","","4","4","4","4","4","4","4","the glossary ","create next buttons and back buttons. I accidentally hit the back button on the browser and had to start all over.","206"
"642","zpart_c786be","treemap","9","3","greater","equal","less","Serpina,CYP2c9-R144C,","equal","less","","","liver","","diabetes","","","","5","3","5","7","6","7","3","","","607"
"643","zpart_2a4755","treemap","3","1","greater","greater","greater","SERPINA1-E366K
\
CYP2C9-R144C","equal","greater","","","","","","emphysema","","","5","5","3","7","6","7","7","It was nice to click on the box to learn more info about the results. I also liked that everything was color-coded. It was a bit easier to understand that way.","Use simpler terms. There was too much scientific hoopla to understand. I couldn't grasp most of it to be honest.","671"
"645","zpart_fc6360","treemap","1","3","greater","less","greater","SERPINA1 E366K","less","greater","","","liver","","","","","","3","3","2","5","4","2","2","The different colors depicting different areas to focus on.","Change it so a person doesn't not have to scroll over something to read additional information. Sometimes this would not go away easily and it would block other information on my screen.","588"
"646","zpart_b093","treemap","3","3","greater","greater","greater","SERPINA1-E366K
\
RYR2-G1885E
\
BBS7-D412G
\
CYP2C9-R144C
\
C3-R102G","less","dunno","","","liver","","","emphysema","tuberculosis","","6","5","2","5","3","6","3","The ability to zoom in and out on the results.","The pop up messages when the cursor moves over the results seem unnecessary.","1120"
"647","zpart_6aed","treemap","3","3","greater","greater","greater","Pathogenic variants ","less","greater","","","liver","","diabetes","emphysema","","eye","3","2","1","6","6","6","4","The color coding and classification of  the results.","The chart was too small and I did not find an easy way to get rid of the popups for different classifications.","534"
"649","zpart_1a33","treemap","9","3","equal","equal","equal","well established or potentially pathogenic variants as well as established benign or protective variants.","less","greater","","","","","","emphysema","tuberculosis","eye","6","5","1","6","6","7","6","easier to understand and specific to each individual","check for spelling errors - confusing
\
e.g.  inherent instead of inherit","926"
"650","zpart_1de73a","treemap","3","1","greater","greater","equal","High clinical importance variants. ","dunno","dunno","","","liver","","","","","","1","1","1","7","5","7","5","Organized in a concise way. ","Make it easier to read and disperse the information in a clearer way. It's confusing when you hover and a pop up square gets in the way. Too much information in small font. ","694"
"651","zpart_0774","treemap","3","3","greater","greater","greater","The Well-established pathogenic ones","dunno","dunno","alzheimers","","","colon","","emphysema","","eye","3","3","1","7","6","6","3","The organization","Make the final information about the variants more accessible to laypeople. It's still scientific jargon and I can't really understand it.","329"
"652","zpart_357f","treemap","3","3","greater","greater","less","Well established pathogenic","less","greater","","parkinsons","liver","","diabetes","","","eye","3","3","2","6","6","6","3","Having the drop down that describes each gene","If it is broken down into layman's terms","464"
"654","zpart_a45368","treemap","9","1","equal","greater","greater","well established pathogenic","dunno","greater","","","liver","","","emphysema","tuberculosis","eye","3","4","5","7","7","7","6","","The far right box to explain differently","681"
"656","zpart_59a474","treemap","3","3","greater","greater","less","Anything that is Well-established or Likely pathogenic.","less","greater","","","","","","emphysema","","eye","5","3","1","6","6","7","5","The pop-up features that give more detail","Make it bigger, easier to see more detail at a glance.","1144"
"659","zpart_3c79f8","treemap","3","3","greater","greater","less","SERPINA1-E366K","equal","less","","","liver","","","emphysema","tuberculosis","","6","5","2","5","5","5","4","I like how the report is set up, organized in a manner so that you know what is more important.","","3029"
"660","zpart_b46c89","treemap","3","3","greater","greater","greater","well established pathogenic","dunno","greater","","","","","diabetes","emphysema","tuberculosis","eye","5","1","1","7","4","7","2","The left side of the information which showed the medical importance of the dna. ","First off, make it easier to navigate the different variants. The medical information on each variant needs to be explained in a way a layman can understand it.","2289"
"661","zpart_96c2","treemap","3","1","greater","greater","less","All critical clinical importance variants as well as all moderate likely and/or well-established pathogenic. ","dunno","less","","","liver","","","","","","5","5","2","2","6","7","4","Hyerarchy and interactive design","No suggestions for this matter","790"
"663","zpart_1c13","treemap","10","6","equal","greater","less","Well established","dunno","dunno","","","","","diabetes","","","","3","1","4","7","4","7","1","Don't understand at all","Don't understand","539"
"667","zpart_21c4","treemap","1","3","equal","less","equal","Well established pathogenic","greater","greater","","","liver","colon","diabetes","","","","1","1","1","7","1","7","1","Very hard to Understand","","425"
"670","zpart_acf1","treemap","3","3","greater","greater","greater","The variants of high clinical importance at the top.","less","greater","","","","","","emphysema","","eye","6","6","1","2","6","7","5","When it showed you a detailed description of the specific gene variant when you glanced over it.  Also it was very clear which variations were of high clinical importance and what ones were not.  It also said that we aren't completely sure what exactly some of the mutations will cause.
\

\

\

\

\

\

\

\

\

\

\

\

\

\

\

\

\

\

\

\
","At first I did not realize that each little line was also a genetic variance I initially thought it was only the big ones that you could read that were the variances.  Also the window that pops up when you scroll over does not go away even when you are not on it anymore.","1020"
"673","zpart_58c8e5","treemap","3","3","greater","greater","less","The Well-Established Pathogens and especially the ones under High Clinical Importance.","less","greater","","","","","","emphysema","","eye","5","3","1","6","4","6","4","The color coding and categories (High, Medium, Low clinical importance). I like to that you can click on the variant and follow a link to additional information","That additional information is a little overwhelming to a non-medical person. ","1118"
"675","zpart_8230","treemap","1","3","greater","dunno","greater","High clinical performance","dunno","dunno","","","","","","emphysema","","","3","4","2","5","5","5","3","This is inaccessible for somewhat non-science brained. ","make it easier to understand for laymen.","260"
"676","zpart_bf949c","treemap","1","3","greater","greater","less","The high and moderate clinical importance variants that are either well-established or potentially pathogenic.","dunno","greater","","parkinsons","liver","","","","","","5","3","2","6","6","6","3","Being able to scan over the genes allowed me to look through the information quickly.","The glossary did not include terms for the conditions mentioned in the report, so I had difficulty identifying the diseases for Jaime had a greater or lower risk.","978"
"678","zpart_554b","treemap","3","1","greater","greater","less","pathogenic","dunno","dunno","","","liver","colon","","","tuberculosis","","1","1","1","7","4","7","1","The layout and color coding helped","Provide a laymans summary spelling out potential risks.","864"
"679","zpart_4135","treemap","1","3","greater","dunno","greater","Well established pathogenics","equal","equal","alzheimers","parkinsons","liver","colon","diabetes","emphysema","tuberculosis","eye","2","1","2","7","4","7","3","The colors","It was written in a way only a doctor could understand it.","440"
"682","zpart_dc5f","treemap","1","1","greater","less","greater","SERPINA1-E366K","greater","greater","alzheimers","","liver","colon","","","","","1","5","1","3","6","6","6","The use of colors and blocking","Every time I hover over something I want to read a very large and OBNOXIOUS text box gets in the way and will not go away.","305"
"684","zpart_b007","treemap","6","9","equal","less","equal","well established pathogenic variants","dunno","greater","","","liver","","","emphysema","","","7","6","2","2","7","7","6","tabular presentation
\
zoomable partitions","larger table
\
glossary of may 5-10 of the most frequently used terms next to the table","876"
"686","zpart_2a99c3","treemap","3","3","greater","greater","less","high or moderate clinical importance and pathogenic","less","greater","","","liver","","","emphysema","","eye","6","6","2","2","6","5","4","i liked the table organization","i thought it worked well","779"
"688","zpart_89b323","treemap","3","1","less","greater","equal","uncertain pathogenic","dunno","dunno","","","liver","","","emphysema","","","5","3","1","7","7","7","2","the summary information","i don't know if there's much you can do to help, it requires an individual to be able to process the genome info, which is somewhat difficult to the average person.","730"
"689","zpart_39fa","treemap","3","3","greater","greater","less","SERPINA-E366K
\
CYP2C9-R144C
\
C3-R102G
\
","less","greater","","","liver","","","emphysema","","eye","5","6","1","5","5","7","5","The explanations for each individual gene","Make it display better. I, personally, would probably like to be able to navigate it using the arrow keys on the keyboard as well as the mouse.","1170"
"692","zpart_bdaa","treemap","3","1","greater","greater","less","Well-Established Pathogenic variants","less","greater","","","liver","colon","","","","","6","3","1","6","5","6","6","Explanations of report by hovering the pointer over certain areas of the report","Describe diseases or illnesses in layman terms by using generic terms for example.","1235"
"694","zpart_a2db63","treemap","3","3","greater","greater","greater","SERPINA1-E366K
\
CYP2C9-R144C","less","greater","","","liver","","","emphysema","","eye","6","6","1","3","5","6","2","The report was easy to use, although it took me a moment to figure out how to re-collapse the expanded sections for the overview. ","I felt it was quite easy to understand in general. Perhaps if the pop-up text of the variant one is looking at didn't obscure the rest of the chart it might make navigation a bit easier.","749"
"697","zpart_be57","treemap","3","3","greater","greater","less","SERPINA1-E366K
\
SERPINA1-E288V","less","greater","","","liver","","","emphysema","","","5","5","6","2","7","7","4","being able to zoom in and see multiple variants ","Find a new way of sorting the information in a end user friendly way.","972"
"698","zpart_4da4","treemap","3","1","less","greater","less","High clinical importance, well-established pathogenic","equal","greater","","","liver","","","emphysema","","","5","3","1","6","6","6","2","clear categories of clinical importance and  benign, protective, or pathogenic","Set out the most significant findings in summary in addition to the complete report","809"
"700","zpart_7cd081","treemap","1","3","greater","less","dunno","SERPINA1-E366K","less","dunno","","","liver","","","emphysema","","","6","5","1","6","6","4","2","Color coding on how established something is","Broken out mor with the information about potential issues listed not where you have to click","395"
"703","zpart_4a106f","treemap","3","3","greater","greater","greater","SERPINA1-E366K &amp; SERPINA1-E288V
\
CYP2C9-R144C
\
C3-R102G
\
MYO1A-S797F
\
","less","greater","","","liver","","","emphysema","","eye","5","5","1","4","6","6","5","The ability to expand the report helped to make it more readable and the color coding was good for understanding the relative risk/importance associated with each variant.","I think it is not always clear in the report whether Jamie is a carrier of the variant and is likely to pass it on, or whether the variant is actively affecting/going to affect her personally. I think some people with rudimentary education in genomics might be able to sort of understand this, but others may not at all.","1399"
"705","zpart_378f","treemap","9","3","greater","greater","less","Variants of high clinical importance","less","greater","","","liver","","","","","eye","5","3","1","6","6","6","4","Being able to hover over the trait and see more information","Make it bigger, and use simpler terms when explaining the conditions associated","634"
"706","zpart_ce3c","treemap","7","5","greater","less","greater","SERPINA1-E366K","greater","greater","","","","","","emphysema","","","4","5","1","6","6","6","1","The color codedness","finding the names of ailment is takes unnecessairy amount of reading","931"
"707","zpart_4760","treemap","3","1","less","greater","greater","the well-established and potentially pathogenic variants","dunno","dunno","","","liver","","","emphysema","","","5","5","1","6","6","7","5","It was nice to be able to zoom in, read info,  and open a link for more information, though the more information was difficult to understand.","The second report needs more laymens' terms for explanation; granted, the reader could google the terminology, but she/he already payed for this information, and I think it should be clearer.","654"
"708","zpart_71fac3","treemap","3","1","equal","equal","equal","Propensity for COPD and or liver disease","less","greater","","","liver","","","emphysema","","eye","3","2","5","5","6","6","4","The way it spit the risks into 3 different categories.","Use simpler language for a layman.","601"
"709","zpart_495d","treemap","3","3","greater","greater","greater","High clinical importance","less","greater","alzheimers","","liver","","","","","","6","1","1","7","2","7","2","The general categorization was helpful","The information is too in depth for the average person to read, a general summary of what each specific item is would be better","348"
"710","zpart_ee9d","treemap","3","1","greater","less","greater","serpina1-e366k, cyp2c9-R114c and serpina1-e288v","equal","greater","","","liver","","","","","eye","6","6","5","2","6","6","5","The layout was perfect","If it was slightly bigger it might be more helpful.","409"
"712","zpart_dc2e","treemap","3","3","greater","less","less","Well established pathogenic","equal","greater","","","liver","","","emphysema","","","5","2","4","5","5","5","5","Color coding and breaking it into sub categories was helpful
\

\

\
","Make it an entire chart without having to choose sub sections","438"
"714","zpart_35ea","treemap","3","1","dunno","greater","greater","SERPINA1-E366K","dunno","dunno","","","liver","","","","","","5","4","1","6","4","6","3","Listing the diseases that you may or may not be more predisposed to based on your genes.","Include a doctor's assessment with the genetic report, or even send it directly to your doctor.","740"
"715","zpart_b95d","treemap","3","1","greater","greater","less","well established pathogenics","less","greater","alzheimers","parkinsons","liver","colon","diabetes","emphysema","tuberculosis","eye","1","1","1","7","7","7","7","high.medium.low","I am confused. I would need a dr. to go over the report with me.","685"
"717","zpart_eba21d","treemap","3","3","greater","greater","greater","Those of high clinical importance, namely SERPINA1-E366K","less","equal","","","liver","","diabetes","","","","3","3","5","6","5","6","3","I like the zoom in features. They make it easy to focus on certain parts.","Understanding what each gene does is a huge chore. It takes a lot of effort to work through them.","396"
"721","zpart_c221f9","treemap","3","1","less","less","greater","SERPINA1-E366K
\
BBS7-D412G
\
","less","greater","","","liver","","diabetes","emphysema","tuberculosis","","5","5","1","5","7","7","6","the information on the gene variations  on the right.","maybe include information as above for benign and protective genes. I would worry if no information was provided.","749"
"722","zpart_97fc","treemap","1","1","greater","equal","less","moderately clinical importance","dunno","dunno","alzheimers","","liver","colon","diabetes","","","","2","1","3","7","4","7","1","I had a hard time understanding the report all together. ","I think the instructions on how to read the report need to be a bit clearer. ","455"
"723","zpart_3b7e","treemap","3","3","greater","greater","less","Those of high and moderate clinical importance","less","greater","alzheimers","parkinsons","liver","","","emphysema","","eye","1","1","2","3","1","7","3","The most useful thing was the ability to zoom in to the tiny details, which would have otherwise been completely missed","","917"
"725","zpart_a7b1","treemap","1","3","greater","greater","less","High and Moderate Clinical Importance ","dunno","dunno","","","liver","","","emphysema","","","2","2","1","6","5","7","3","Color coding and intensity of colors.","It took me awhile to figure out that some had tons of boxes in them. Hard  to sort. The box that popped up with info was awkward, and it got in the way when trying to navigate by popping up with just a hover. ","307"
"727","zpart_f471","treemap","3","1","greater","greater","greater","SERPINA1-E366K","less","dunno","","","liver","","","emphysema","","","3","2","1","5","5","7","3","That it was separated by color.","The jargon was difficult to understand, and the area where there were several items falling into one area - I don't know if I read them all.  The low clinical importance uncertain pathenogenic.","927"
"730","zpart_51c0f4","treemap","3","1","greater","greater","greater","SERPINA1-E366K
\
CYP2C9-R144C
\
C3-R102G
\
SERPINA1-E288V
\
MTRR-I49M
\

\
","equal","less","","","","","","","","eye","5","5","2","6","6","7","5","The arrangement of the information, the color-coding, and the roll-over events.","Some of the rollover events left a pop-up  box that wouldn't go away. I also think the information in list format would make it easier to search with &lt;ctrl&gt; F for a specific condition, rather than relying on rolling over the sections of the chart. I also need more time to do this. 25 minutes is not enough. Thank you!","1014"
"733","zpart_7f4d","treemap","9","1","equal","greater","equal","likely pathogenic","equal","equal","","","liver","","","","","","4","4","1","4","4","7","4","The glossary","assign variant names with words perhaps.","664"
"736","zpart_82ed42","treemap","1","3","greater","less","less","the well establish pathogenics","equal","greater","","","","colon","","","tuberculosis","","2","2","1","7","6","7","5","glossary of terms","use less specialized language","483"
"737","zpart_b54a","treemap","3","3","greater","greater","greater","Well-established pathogenic","equal","greater","","","liver","","","emphysema","","eye","6","6","2","6","5","6","4","labeling well-established pathogenic and high clinical significance","fairly easy to understand, but all the &quot;uncertain&quot; variants due to lack of scientific knowledge right now is a bit confusing","871"
"739","zpart_731f88","treemap","3","3","greater","greater","less","Well-established pathogenic and likely pathogenic.","dunno","dunno","","","liver","","","","","","3","3","1","5","5","7","1","None.","You could make it bigger.","590"
"743","zpart_ef81ad","treemap","3","3","greater","equal","greater","SERPINA1-E366K, RYR2-G1885E, BBS7-D412G","less","greater","","","liver","","","emphysema","","eye","3","3","1","6","5","6","3","The report left no doubt as to which conditions Jamie would be suspectible to in the future.  Everything was labelled and color-coded, which made the report easier to understand.","The zooming feature was frustrating; it was difficult to zoom back out, which made the report hard to read.","687"
"746","zpart_d3f566","treemap","9","6","equal","greater","equal","Serpina1","dunno","dunno","","","","","","emphysema","","","3","3","1","6","6","6","2","Color coding","More explanation.","494"
"747","zpart_ff3e","treemap","2","1","greater","less","less","SERPINA1-E366K","equal","equal","","","liver","","","","","","5","2","1","7","6","7","5","The high clinical importance readings. ","Put in in more layman terms and less medical terminology for people that do not understand what is being said.","475"
"748","zpart_ecdf79","treemap","3","3","greater","greater","greater","Serpina1-e336k
\
","less","equal","","","","","","emphysema","","","3","5","2","3","6","6","5","","It doesnt work well on a tablet interface.","743"
"749","zpart_d4d6","treemap","3","3","greater","greater","less","The ones that was least common ans the biggest threats. Such as SERPINA1-E366K.","greater","greater","","","liver","colon","","","","","5","2","1","4","7","7","6","I like the way the chart is laid out and the various colors. ","Some of the right had boxes are just so small! Maybe making them somewhat bigger would be easier.","599"
"750","zpart_2518","treemap","3","1","less","greater","greater","
\
SERPINA1-E366K","dunno","dunno","","","liver","","","emphysema","","","5","6","2","1","4","7","4","the colors highlighted the results"," nothing I can think of","541"
"751","zpart_35fe73","treemap","1","3","greater","greater","greater","SERPINA1-E366K
\
CYP2C9-R144C
\
RYR2-G1885E
\
BBS7-D412G","less","greater","","","liver","","","","","eye","5","3","3","6","5","6","3","The pop ups that occur when you move the mouse over the names of the variant.","Drop down instead of pop up would be easier to read and compare. It isn't as cluttered. The graphic should be bigger to make it obvious there are multiple variants in certain sections.","801"
"752","zpart_f27f","treemap","3","1","greater","less","greater","well established pathogenic","less","equal","","","liver","","","emphysema","","","5","4","1","7","6","6","6","have colors to categorize each type","expanding the chart and using easier to understand terms","748"
"753","zpart_1c4a","treemap","3","3","greater","greater","greater","All of the High clinical importance ones, particularly the combination of SERPINA1-E366K and SERPINA1-E288V, and the Well-Established and Likely Pathogenic Moderate clinical importance ones","less","greater","","","liver","","","emphysema","","","2","3","1","7","6","7","2","the Glossary","The way the things zoom in could be better, and the textboxes- they pop up in fixed locations and can't be moved so it can be difficult to read. Also, more non-technical language or or a non-technical explanation after would help","971"
"758","zpart_3cc1","treemap","1","3","greater","less","greater","All of them...whether helpful or potentially harmful..","dunno","dunno","alzheimers","","liver","","diabetes","emphysema","","eye","6","3","1","3","6","7","1","The information which came up when I moved the cursor over a gene variant.","I don't have any good suggestions.","576"
"760","zpart_df2c","treemap","1","1","less","less","less","Well-established pathogenic","greater","equal","","","","","","emphysema","tuberculosis","","5","2","2","7","6","7","3","I think it was pretty easy to use the tabs to look at the information but reading it was pretty difficult. So much information sometimes turns people off they want the short version. Its like text messages more than 140 chars and people get bored.","For one thing make the print a big larger. Old people like myself have a hard time reading all the small print. Use language that is simple, we don't really care for the medical names we are more interested that we understand what is being said.","751"
"761","zpart_ed71b5","treemap","3","1","equal","greater","greater","SERPINA1-E366K
\
CYP2C9-R144C
\
MTRR-I49M
\
C3-R102G","less","equal","","","","","","emphysema","","eye","6","6","1","6","6","7","5","the visual zoom because it gave detailed information about the gene
\
variants","It might help to separate the three areas into their own tables.  When mousing over the areas, there was overlap. It was sometimes difficult to close the extra info box.","1212"
"764","zpart_bf1a","treemap","3","3","greater","greater","greater","Jamie would be most likely to discuss all well-established pathogenic variants in high clinical importance with her healthcare provider first.","less","equal","","","","","","emphysema","tuberculosis","eye","5","5","3","6","6","7","5","Being able to hover over items and have an explanation of what they meant were very helpful.","If the potential illness/disease was written out in a clear manner for people who don't understand medical lingo, it might be helpful (such as clearly stating type of cancer, macular degeneration, etc.)","1048"
"765","zpart_06df","treemap","9","4","equal","greater","greater","well-established and likely pathogenic","dunno","dunno","","parkinsons","","colon","","","","","5","2","5","7","6","7","3","it was all confusing","i don't know -- it was confusing to me","361"
"766","zpart_c89d","treemap","3","1","greater","greater","greater","Well-established pathogenic","dunno","dunno","","","liver","","","emphysema","","","1","1","1","7","4","7","2","None of it. It's not at all geared to the common person. All the medical gobbledy gook language and percentages?? Really? This is how you plan on helping the average consumer understand their health better? Good luck","Get rid of the medicalese. If DNA tests show a person at high risk for something, tell them just that. Population comparisons are a total waste of time. Tell them it's time to make an appt with their doc. If it doesn't apply, leave it off the chart, i.e. Jaime had no protectivesm, so why muddy up the chart with the blue segments at all? This just looks like a new way to confuse and terrorize the consuming public into rushing to doctors and thereby driving up the cost of health care some more. Th","1087"
"768","zpart_815497","treemap","12","6","less","greater","greater","SERPINA1-E366K, SERPINA1-E288V","equal","equal","","","liver","","","emphysema","","","5","2","2","6","2","6","5","Color coding","Make the information more spaced out,easier to read,","1040"
"769","zpart_fc99a1","treemap","3","3","greater","greater","greater","SERPINA1-E366K
\
RYR2-G1885E
\
BBS7-D412G","less","greater","","","","","diabetes","","","","5","5","2","5","6","4","5","zooming in was helpful when there was more than one gene variant to examine.","It would be great if I could see the number of gene variants when I'm all the way zoomed out.  Like when there are 12 in one place for example.  ","895"
"772","zpart_a4d5","treemap","3","3","greater","greater","less","C3-R102G, 
\
CYP2C9-R144C,
\
MTRR-I49M","less","greater","","","","","","emphysema","","eye","3","5","1","2","3","6","4","The popouts with the descriptors for the gene variants","fewer categories","777"
"773","zpart_e66e","treemap","3","3","greater","greater","less","potentially pathogenic and above","greater","equal","alzheimers","parkinsons","liver","colon","diabetes","emphysema","tuberculosis","","5","3","1","5","5","6","2","It was nice to that the navigation was as fast and responsive as it was.  Even though I had to drill down far to deep to get at the data, at least I could get back quicl;y","When I hovered over the variants, the box didn't size well and was hard to get all on the screen unless I scrolled up/down.  Also, the pathogenic/benign information is nice color coded, so perhaps it doesn't need its own level.  That way I don't have to drill down so far, yet still get the information.","650"
"775","zpart_004079","treemap","1","5","greater","less","less","Serpina1","less","dunno","","","","","diabetes","","","eye","6","2","1","7","6","6","3","The color code and division based on how significant","Instead of names of variants, say what disease they cause","151"
"776","zpart_4c12","treemap","3","3","greater","greater","greater","SERPINA1-E366K
\
RYR2-G1885E
\
CYP2C9-R144C","less","greater","alzheimers","parkinsons","liver","","diabetes","emphysema","","","6","5","1","6","6","7","4","","","518"
"777","zpart_c3beee","treemap","1","3","greater","less","greater","
\
SERPINA1-E366K","dunno","greater","","","","","","emphysema","","","5","5","2","6","6","6","4","Color code","Less medical jargon","322"
"778","zpart_3dfbc6","treemap","1","1","less","greater","greater","SERPINA1-E336K","dunno","dunno","","","liver","","","emphysema","","","7","5","3","3","7","7","4","The colors along with the words well established, likely, uncertain.","Nothing except a free doctor's visit!","553"
"781","zpart_cb8f0f","treemap","3","1","greater","greater","less","the well established pathogens","dunno","dunno","","","","","","emphysema","","","6","5","3","3","5","7","5","the different colors to differentiate between well established and uncertain","different colors between the high, moderate and low clinical importance","296"
"782","zpart_e549","treemap","1","3","greater","less","greater","FUT2-W154X
\
MTRR-I49M","equal","less","","","liver","colon","","emphysema","","","5","4","5","3","4","5","4","N/A","N/A","445"
"785","zpart_e99f78","treemap","3","3","equal","equal","equal","SERPINA1-E366K ","less","greater","","","liver","","","","","eye","6","5","3","3","6","6","6","The pop up dialogue was nice ","Make zooming in more accessible ","614"
"786","zpart_3a9a","treemap","3","1","greater","greater","less","The well established pathogenic","equal","less","","","","","","emphysema","","","3","2","1","7","6","7","3","The buttons to get more information that open a new window ","Put the basic information in the report than put the more technical info in the link ","755"
"789","zpart_3e0a","treemap","9","4","equal","less","greater","Diabetes","less","equal","alzheimers","","liver","","diabetes","","","","5","1","1","7","7","7","2","Well Established pathogenic","Make the report more simple for a regular person to understand","675"
"795","zpart_8c64d5","treemap","3","3","greater","greater","greater","The SERPINA1, the CYP2C9, and the C3-R102G, because they are harmful and of clinical importance.","less","greater","","","liver","","","emphysema","tuberculosis","eye","5","5","1","5","6","7","6","I really liked the layout and the color-coding.","Print it on a larger scale so that all of the names of the genes can be read.","411"
"796","zpart_398994","treemap","3","3","greater","greater","greater","The high clinical importance and Well-Established Pathogenic variants","less","greater","","","liver","","","","","eye","5","5","2","2","6","6","5","The pop-up info","It should be bigger. Those skinny lines made it hard to figure out where to hover the mouse. ","775"
"823","zpart_a3ea","treemap","3","1","less","greater","greater","The well established variants.","equal","greater","","","","colon","","emphysema","","","6","5","2","5","6","6","4","I like the way that everything was noted and graphed. You could see how it all linked together.","More explanations on what everything means would be helpful.","204"
"824","zpart_672ae6","treemap","2","1","greater","less","less","High Clinical Importance- SERPINA1-E366K","equal","greater","","","liver","","","emphysema","","","5","5","1","6","6","7","3","Hover over the box to show more information","Some boxes say you can click on them for more information, but they are not clickable.","706"
"825","zpart_6856","treemap","3","1","greater","less","greater","Well established pathogenic","equal","greater","","","liver","","","emphysema","","eye","3","3","1","6","4","6","4","Blocking things off into different categories","it is kind of hard to navigate.  also might be better if it was originally divided by good/bad/benign, and then by importance","603"
"828","zpart_c5ab","treemap","3","1","greater","greater","equal","SERPINA1-E366K
\
","equal","equal","","","liver","","","emphysema","","","2","2","2","6","5","6","2","The glossary of terms helped, and explaining what everyday problems the variants cause helped too","It was not clear to me if there were variants that should have showed up blue, or if the three you could click on were the only variants. I wasn't sure if I was reading the chart correctly.","602"
"829","zpart_a3c727","treemap","3","1","greater","greater","greater","SERPINA1-E366K
\
CYP2C9-R144C
\
C3-R102G","equal","greater","","","liver","","","emphysema","","eye","3","2","1","6","4","6","1","Clickable links","Low Clinical Importance is red, just like High Clinical Importance, but they are not as serious. I found the reports to be difficult to interpret as the language seems intended for people in science/medicine rather than a layman.","421"
"830","zpart_b77529","treemap","3","4","greater","greater","equal","Those in the red to pink areas. ","equal","equal","","","","","diabetes","emphysema","","","6","5","2","5","6","7","5","Color coding &amp; the organized information when hovering the cursor. ","Index or glossary of terms.","463"
"833","zpart_0fab","treemap","3","1","greater","greater","greater","The pathogens with high clinical importance such as SERPINA1-E366K.","less","dunno","","","liver","","","emphysema","","","6","6","2","3","4","5","3","Some of the scientific terms were explained in every day terms. The 'zoom' feature helped to focus on just one particular aspect without the interference of other information.","Even less scientific jargon could be used and any items that should be discussed with a doctor could be clearly marked.","900"
"834","zpart_b9ad","treemap","3","3","greater","greater","less","BBS7-D412G
\
SERPINA1-E366K
\
RYR2-G1885E
\
CYP2C9-R144C","dunno","greater","","","liver","colon","diabetes","emphysema","","","5","5","2","4","5","6","5","The ranking of clinical importance and likelihood of pathogenic are really helpful.","n/a","986"
"838","zpart_a4a4","treemap","2","3","greater","greater","greater","SERPINA1-E366K, C3-R102G","less","greater","","","liver","","","emphysema","","","5","3","1","3","7","7","5","","Put it all in one chart instead of the drop downs and click on for more info.  Explain it to a fifth grader.","668"
"840","zpart_325b","treemap","9","3","greater","less","dunno","High clinical importance","equal","less","","","liver","","","emphysema","","","6","5","2","5","6","7","6","Interactive links and the color coding","If the report is for use by laymen, it would be helpful to use more common language","1125"
"841","zpart_9fc5","treemap","1","3","greater","less","greater","SERPINA1-E366K
\
CYP2C9-R144C
\
C3-R102G","less","greater","","","liver","","","emphysema","","eye","5","5","1","7","6","7","4","The graphical layout was clear","There should have been a simple summary of the potential health conditions, rather than a detailed, technical one.","872"
"843","zpart_505fbd","treemap","3","3","greater","greater","greater","Risk of COPD or liver problems due to SERPINA1-E366k, heart problems due to RYR2-G1885E, sesitivity for Warfarin, macular degenration","less","greater","","","liver","","","","","","6","3","1","6","5","7","3","The zooming feature was easy to use, and the report was well categorized","Include a &quot;layman's terms&quot; or plain english version of the main points on the likeliness of disease because of the presence of certain variants.","1126"
