variant,gene symbol,summary,clinical_importance,evidence,impact,frequency,category,inheritance,zygosity,PMIDs,dbSNP ID,penetrance score,build 37 chromosome,build 37 position,build 37 variant allele
C3-R102G,C3,"This variant (a.k.a S149C) was found as a compound heterozygote (with M130T) in a male newborn of European descent with isobutyryl-CoA dehydrogenase deficiency (identified by newborn screening). Lack of controls means that significance cannot be established and allele frequency cannot be estimated. Oglesbee et al. comment that IBD-deficiency may be relatively benign, most cases identified by newborn screening have remained asymptomatic, but Ferreira et al. report a symptomatic individual homozygous for this variant.",Moderate,Likely,Pathogenic,0.15,Vision,Complex/Other,Heterozygous,4427677;17634448,rs2230199,3,chr19,6718387,C
MEFV-E148Q,MEFV,"This variant has a 3.5% allele frequency in 1000 genomes data. Although OMIM links this to disease, the paper they reference uses in vitro data to conclude that this is a functionally neutral polymorphism.",Moderate,Uncertain,Pathogenic,0.012,Immune system,Recessive,Heterozygous,9668175;10090880;15458961;16439437;19820229,rs3743930,4,chr16,3304626,G
TGM1-E520G,TGM1,This common variant (HapMap 24.1% allele frequency) causes a loss of a glycosylation site (affecting the size of the protein when studied with gel electrophoresis) but does not affect enzyme activity or stability.,Moderate,Uncertain,Pathogenic,0.0064,Other,Recessive,Heterozygous,11348475;19241467,,5,chr14,24724656,C
COL4A1-Q1334H,COL4A1,"Predicted to have damaging effect, other mutations in this gene have been implicated in causing Bardet-Biedl syndrome in a recessive manner.",Low,Likely,Pathogenic,0.32,Heart;Hearing,Dominant,Homozygous,10334796;18077766;20031579,rs3742207,2,chr13,110818598,G
CETP-A390P,CETP,"This variant (also called C3F) is common in Europeans (10.2% allele frequency), and is associated with age-related macular degeneration. In the US, 1.5% of adults over 40 have the disease, but the incidence increases strongly with age (>15% in women over 80). Assuming an average lifetime risk of ~10%, heterozygous individuals have a ~13% risk and homozygous have ~20%.",Low,Likely,Pathogenic,0.039,Metabolism,Unknown,Heterozygous,17952847,rs5880,1,chr16,57015091,C
MBL2-G54D,MBL2,Common polymorphism,Low,Likely,Pathogenic,0.1,Immune system,Recessive,Heterozygous,7564730;10199352;17872904,rs1800450,3,chr10,54531235,T
RNASEL-R462Q,RNASEL,"Probably benign. Although start codons can be extremely disruptive and this gene is implicated in a rare disease (autoimmune lymphoproliferative syndrome), the allele frequency for this variant (2-3%) is high enough to contradict such a strong pathogenic effect. This may be because the gene has many other transcripts that do not include this position as exonic.",Low,Uncertain,Pathogenic,0.28,Genital and Urinary;Cancer,Complex/Other,Heterozygous,11941539;12022038;12415269;17407163,rs486907,2,chr1,182554557,T
ELAC2-S217L,ELAC2,"Tentatively benign. Although predicted to be damaging by Polyphen 2, this variant is seen in 2 out of 62 PGP & public genomes. OMIM lists other more disruptive variants (frameshift & nonsense) as reported to cause Ehlers-Danlos syndrome when homozygous.",Low,Uncertain,Pathogenic,0.27,Genital and Urinary;Cancer,Complex/Other,Heterozygous,12384782;15368467;18767027;20231859,rs4792311,2,chr17,12915009,A
TGIF1-P83Shift,TGIF1,Probably benign.,Low,Uncertain,Pathogenic,0.14,Nervous System,Complex/Other,Heterozygous,10556296,rs11571510,1,,,
WFS1-R611H,WFS1,Probably benign / nonpathogenic.,Low,Uncertain,Reviewed,0.4,Immune system;Hearing;Metabolism;Vision,Recessive,Heterozygous,17603484;17719176;23257691,rs734312,1,chr4,6303354,A
TP53-P72R,TP53,Possibly a slight protective effect against colorectal cancer if homozygous.,Low,Uncertain,Pathogenic,0.63,Cancer,Unknown,Heterozygous,1975675;9607760;15355915;19837266;20615891;22184967,rs1042522,0,chr17,7579472,C
SP110-L425S,SP110,"Probably a benign SNP, not rare (4.8% allele frequency in GET-Evidence data).",Low,Uncertain,Pathogenic,0.86,Immune system,Unknown,Homozygous,16803959,rs3948464,1,chr2,231050715,G
rs1544410,,Probably benign.,Low,Uncertain,Pharmacogenetic,0.35,Other,Unknown,Homozygous,,rs1544410,0,,,
FUT2-W154X,FUT2,This variant is predicted to cause a frameshift and may cause Charcot-Marie-Tooth Disease Type 4J in an autosomal recessive manner. Other variants in this gene which cause frameshift and premature termination have been implicated in causing this disease when compound heterozygous with another FIG4 variant.,Moderate,Well-established,Protective,0.49,Immune system;Blood,Recessive,Homozygous,7876235;12692541;19625485;20031047;22025362,rs601338,5,chr19,49206674,A
PRNP-M129V,PRNP,"This recessive protective variant confers resistance to norovirus (which causes stomach flu). 20% of Caucasians and Africans are homozygous for this variant and are ""non-secretors"": they do not express ABO blood type antigens in their saliva or mucosal surfaces. Most strains of norovirus bind to these antigens in the gut, and so this non-secretor status confers almost total resistantance to most types of norovirus. There are notable exceptions, some strains of norovirus bind a different target and are equally infectious for secretors and non-secretors.",Low,Well-established,Protective,0.34,Other,Complex/Other,Heterozygous,18236005;19081515,rs1799990,0,chr20,4680251,G
TOR1A-D216H,TOR1A,"There have been some hypotheses that this variant contributes to causing hereditary hemochromatosis, possibly as a compound heterozygote, but some others treat it as a polymorphism. Cys282Tyr is the classic causal variant and itself has very low penetrance. Mouse studies indicates this variant has a similar but weaker effect; if it has any effect at all its penetrance may be quite low and/or require modifier alleles.",Low,Likely,Protective,0.1,Other,Unknown,Heterozygous,18519876;19380705;20669276,rs1801968,1,chr9,132580901,G
KCNJ11-K23E,KCNJ11,"The reference genome variant for this allele has been associated with a slight increased risk of multiple sclerosis. Thus, this variant can be treated as a ""protective"" variant -- carriers of this variant are slightly less likely to have MS. Because the disease is rare and the effect of this variant is not very strong, the absolute decreased risk for carriers of this variant is less than .05% (less than 1 in 2000).",Low,Likely,Protective,0.74,Metabolism,Unknown,Heterozygous,17463246;17463248;20054294,rs5219,2,chr11,17409572,C
ABCG5-R50C,ABCG5,"This variant is associated with decreased risk of type 2 diabetes. It is unclear whether this variant has additive effects, or acts in a dominant or recessive manner. Assuming diabetes has a lifetime risk of 36%, we estimate a decreased risk of around 1-2% per copy of this variant.",Low,Likely,Protective,0.068,Blood;Metabolism,Unknown,Heterozygous,19060911,rs6756629,1,chr2,44065090,A
IRS2-G1057D,IRS2,One report has associated this with a decreased risk of multiple myeloma.,Low,Uncertain,Protective,0.23,Other,Unknown,Homozygous,19887537,rs1805097,,chr13,110435231,T
MC4R-V103I,MC4R,"Rare and unreported, tentatively evaluated as benign. Some severe mutations in this gene cause Chediak-Higashi syndrome (a severe genetic disorder causing albinism, neuropathy, and life-threatening susceptibility to bacterial infections), but this disease is rare and there are many other genomes with rare missense polymorphisms.",Low,Uncertain,Protective,0.016,Metabolism,Unknown,Heterozygous,19696756,rs2229616,,chr18,58039276,T
TYR-R402Q,TYR,Probably benign.,Low,Well-established,Benign,0.2,Vision,Complex/Other,Heterozygous,1820207;7704033;11284711;18326704;18488027;18488028;19533789,rs1126809,0,chr11,89017961,A
ARSA-N350S,ARSA,"Although other variants in this mismatch repair gene are associated with cancer, most publications dismiss this variant as a polymorphism (HapMap allele frequency of 1.6%).",Low,Well-established,Benign,0.18,Other,Unknown,Heterozygous,2574462,rs2071421,,chr22,51064416,C
FLT4-N149D,FLT4,"This common variant (HapMap allele frequency of 31.3%) in a protein involved in folate (B9) and cobalamin (B12) metabolism and is often reported as ""MTRR I22M"" (an alternative transcript position). Mothers homozygous for this variant are associated with having around a increased chance of a child with Down syndrome (risk of 0.4%, average risk in population is 0.25%). Notably, age plays a far larger role in the rate of Down syndrome (risk is 4.5% for a mother 45-years-of-age), and it is unknown how this variant may combine with the effect of age. There are conflicting reports associating this variant with incidence of neural tube defects, possibly when combined with MTHFR A222V.",Low,Likely,Benign,0.073,Blood,Unknown,Heterozygous,11292664,rs34221241,,chr5,180057293,C
CEP290-D664G,CEP290,Probably benign.,Low,Likely,Benign,0.0088,Other,Unknown,Heterozygous,17564967,rs79705698,,chr12,88508258,C
PMS2-P470S,PMS2,"Although reported to cause dominant, early-onset sensorineural hearing loss, this variant has been reported in the genome of an unaffected PGP participant.",Low,Likely,Benign,0.37,Other,Unknown,Heterozygous,15256438,rs1805321,,chr7,6026988,A
CACNA1S-L458H,CACNA1S,Probably benign.,Low,Likely,Benign,0.27,Other,Unknown,Heterozygous,,rs12742169,,chr1,201052310,T
LOXL1-R141L,LOXL1,This variant is a benign polymorphism.,Low,Uncertain,Benign,0.26,Vision,Complex/Other,Heterozygous,17690259;18450598;20142848,rs1048661,,chr15,74219546,T
TYR-S192Y,TYR,"Common polymorphism, presumed benign.",Low,Uncertain,Benign,0.27,Skin,Unknown,Heterozygous,17952075;17999355,rs1042602,,chr11,88911696,A
PCSK9-G670E,PCSK9,"Associated with increased risk of prostate cancer in individuals who already have a family history of prostate cancer, but studies have been unable to replicate this finding in sporadic (non-familial) prostate cancer cases.",Low,Uncertain,Benign,0.89,Other,Unknown,Homozygous,19351729,rs505151,,chr1,55529187,A
FLG-R3530S,FLG,"Probably benign. One report linked this variant to high triglycerides, but a later paper found a nearby SNP with similar association and suggests that both findings are caused by linkage to an undiscovered causal variant.",Low,Uncertain,Benign,0.11,Other,Unknown,Heterozygous,,rs72697000,,chr1,152276772,A
ELN-G581R,ELN,rs1544410 is a Vitamin D Receptor (VDR) single nucleotide polymorphism. It is unlikely that it has functional significance because it is located in an intron (Liu et. al.) but it is in strong linkage disequilibrium with rs731236 (Dvornyk et al) which is located in an exon.,Low,Uncertain,Benign,0.073,Other,Unknown,Heterozygous,,rs17855988,,chr7,73474825,C
CBLC-H405Y,CBLC,"Reported to cause arrhythmogenic right ventricular cardiomyopathy when compound heterozygous with G1886S, although this finding is weakened after correcting for multiple hypotheses and it is unclear what penetrance such a genotype might have, if it is causal.",Low,Uncertain,Benign,0.037,Other,Unknown,Heterozygous,19370762,rs3208856,,chr19,45296806,T
FMO3-V257M,FMO3,"This variant represents the PiS variant in alpha-1-antitrypsin deficiency where a homozygous individual has 60% enzymatic activity. This variant alone is unlikely to much effect, but 3-4% of heterozygotes are compound heterozygous with the more severe PiZ variant, which is associated with an increased risk of emphysema and COPD.",Low,Uncertain,Benign,0.057,Other,Unknown,Heterozygous,9536088,rs1736557,,chr1,171080080,A
GUCY2D-A52S,GUCY2D,"This is also called the ""Pi Z"" or ""Z"" allele. When homozygous (acting in a recessive manner) this variant is the major cause of severe alpha-1-antitrypsin deficiency (95% of cases) which often leads to emphysema or chronic obstructive pulmonary disease (COPD) and liver disease in adults and children. Heterozygosity for this variant may also be associated with increased rate of lung or liver problems, especially when combined with another variant with reduced function (compound heterozygous).",Low,Uncertain,Benign,0.21,Genital and Urinary;Vision,Recessive,Heterozygous,8944027,rs61749665,,chr17,7906519,T
RP1-N985Y,RP1,"This variant was reported to be associated with autoimmune disease when homozygous. However, a later publication has contradicted this result, finding no significant association between this variant and autoimmune disease in a very large cohort.",Low,Uncertain,Benign,0.35,Metabolism,Unknown,Homozygous,12764676;19364639,rs2293869,,chr8,55539395,T
PKP2-L366P,PKP2,"This variant is associated with a slightly increased risk of tuberculosis. It is unclear whether it is itself causal, or in linkage disequilibrium with some other causal variant that has a stronger effect.",Low,Uncertain,Benign,0.22,Other,Unknown,Homozygous,19955750,rs1046116,,chr12,33021934,G
APOB-Y1422C,APOB,TCIRG1-R56W,Low,Uncertain,Benign,0.044,Other,Unknown,Homozygous,,rs568413,,chr2,21235475,C
SLC45A2-L374F,SLC45A2,"Severe variants in this gene are associated with holoprosencephaly disorders when combined with loss-of-function variants in SHH. Haploinsufficiency was identified in some families with this condition. It is unclear how likely this variant is to occur in combination with an SHH variant, or what phenotypic effect the variant would have on its own.",Low,Uncertain,Benign,0.69,Cancer,Unknown,Homozygous,15714523;17044855;18563784;18806926,rs16891982,,chr5,33951693,G