"768","ztree_3c2b61","false","99","false","true","false","false","123"
"784","ztree_0d54","false","99","false","true","true","true","127"
"787","ztree_67da","true","99","true","true","true","true","118"
"803","ztree_038893","false","99","false","true","true","true","187"
"808","ztree_dbde3f","false","99","false","true","true","true","254"
"815","ztree_4559","false","99","false","true","true","true","199"
"816","ztree_a283","false","99","false","true","true","true","213"
"818","ztree_fbae47","false","99","true","true","true","true","55"
"821","ztree_45a7","false","99","false","true","true","true","149"
"823","ztree_2251","false","99","false","true","true","true","201"
"828","ztree_de15","false","99","false","true","true","true","159"
"830","ztree_0413","false","99","false","true","true","true","206"
"834","ztree_f63cbe","false","99","false","true","true","true","129"
"835","ztree_7aad","false","10","false","true","true","true","74"
"836","ztree_a0dd69","false","10","false","false","true","true","101"
"839","ztree_c13e","false","99","false","true","true","true","210"
"840","ztree_7dfb08","false","99","false","true","true","true","197"
"846","ztree_423f7c","false","99","false","true","true","true","15"
"847","ztree_e01565","false","99","true","true","true","true","520"
"848","ztree_afc3","false","99","false","true","true","true","284"
"851","ztree_a0dc","false","99","false","true","true","true","99"
"853","ztree_de32","false","99","false","false","true","true","393"
"861","ztree_704998","true","99","false","true","true","true","86"
"862","ztree_372d","false","99","false","true","true","true","302"
"869","ztree_d353","false","99","false","true","true","true","272"
"870","ztree_8c2bde","false","99","false","true","true","true","193"
"873","ztree_dec6","false","99","false","true","true","true","100"
"874","ztree_62ac","false","99","false","true","true","true","30"
"875","ztree_88ef","false","99","false","true","true","true","117"
"877","ztree_f900b8","false","99","false","true","true","true","126"
"886","ztree_b2df","false","99","false","true","true","true","120"
"888","ztree_9e84","false","99","false","true","true","true","73"
"901","ztree_38ca","false","99","false","true","true","true","246"
"903","ztree_67ea","false","99","false","true","true","true","216"
"908","ztree_39c2bf","false","99","false","true","true","true","33"
"911","ztree_0e5e","false","99","false","false","true","true","210"
"916","ztree_5689","false","99","false","true","true","true","264"
"919","ztree_cc37ae","false","99","false","true","true","true","240"
"922","ztree_840b","false","99","false","true","true","true","192"
"923","ztree_09d3","false","99","false","true","true","true","345"
"924","ztree_cb7262","false","99","false","true","true","true","177"
"925","ztree_0d5de2","false","99","false","true","true","true","126"
"928","ztree_7651","true","99","false","true","true","true","123"
"929","ztree_47e120","false","99","false","true","true","true","166"
"931","ztree_4106","false","99","false","true","true","true","170"
"934","ztree_6639","false","99","false","true","true","true","100"
"935","ztree_cacbff","false","99","false","true","true","true","278"
"937","ztree_8d5d","false","99","false","true","true","true","168"
"938","ztree_0991","false","99","false","true","true","true","250"
"939","ztree_9684","false","99","false","true","true","true","127"
"951","ztree_baa37c","false","99","false","true","true","true","182"
"953","ztree_85c7","false","99","true","true","true","true","287"
"954","ztree_c95b","false","99","false","true","true","true","180"
"955","ztree_adb53e","false","99","false","true","true","true","107"
"956","ztree_c5f1","false","99","false","true","true","true","146"
"964","ztree_b504ef","false","99","true","false","true","true","162"
"965","ztree_ba90","false","99","false","true","true","true","204"
"969","ztree_391b","false","99","false","true","true","true","158"
"976","ztree_5fc1","false","99","false","true","true","true","110"
"977","ztree_2e63","true","50","false","true","true","true","129"
"980","ztree_7cbdc2","false","99","false","true","true","true","138"
"985","ztree_cf05","false","99","false","true","true","true","204"
"989","ztree_15b1","false","99","false","true","true","true","125"
"992","ztree_74fbeb","false","99","false","true","true","true","134"
"994","ztree_bb3b","false","99","false","true","true","true","207"
"998","ztree_027d","false","99","false","true","true","true","231"
"1001","ztree_050122","false","99","false","true","true","true","244"
"1004","ztree_571021","false","99","false","true","true","true","323"
"1007","ztree_cc0149","false","99","false","true","true","true","153"
"1009","ztree_69fa6c","false","99","false","true","true","true","120"
"1010","ztree_36f325","false","99","true","true","true","true","10"
"1014","ztree_e9a3","false","99","false","true","true","true","191"
"1016","ztree_5c6f","false","99","false","true","true","true","234"
"1017","ztree_cf7727","false","99","false","true","true","true","127"
"1018","ztree_876f1f","false","99","true","true","true","false","347"
"1019","ztree_177e6d","true","99","false","true","true","true","271"
"1025","ztree_16d9","false","99","false","true","true","true","165"
"1026","ztree_5556","false","99","false","true","false","true","168"
"1029","ztree_fc336e","false","99","true","true","true","true","20"
"1030","ztree_2e0e6d","false","10","true","false","true","true","99"
"1032","ztree_fa6ecb","false","99","false","true","true","true","168"
"1033","ztree_d0e220","false","99","false","true","true","true","53"
"1034","ztree_a9d786","false","99","true","true","true","true","230"
"1039","ztree_3b36e4","false","99","false","true","true","true","161"
"1040","ztree_3648cb","false","99","false","true","true","true","120"
"1041","ztree_7233","false","99","false","true","true","true","161"
"1043","ztree_d10bee","false","99","true","true","true","true","266"
"1046","ztree_d2f495","true","99","true","false","true","false","248"
"1047","ztree_3b15d6","false","99","false","true","true","true","137"
"1049","ztree_3c9c","false","99","false","true","true","true","201"
"1052","ztree_3bb7ca","false","99","false","true","true","true","21"
"1053","ztree_462aea","false","99","false","true","true","true","698"
"1054","ztree_02d3","false","99","false","true","true","true","324"
"1056","ztree_f957ca","false","99","false","true","true","true","119"
"1059","ztree_fc08","false","99","true","true","true","true","148"
"1063","ztree_cd3df6","false","99","true","true","true","true","182"
"1072","ztree_f1d3","false","99","false","true","true","true","251"
"1093","ztree_a869f8","false","99","false","true","true","false","308"
"1101","ztree_bd46","false","99","true","true","true","true","70"
"1102","ztree_a7aab2","false","99","false","true","true","true","116"
"1103","ztree_80ca","false","99","false","true","true","true","142"
